name,date,open,high,low,close,price,market_cap,total_volume
Bitcoin,04/29/2013,135.3,141.96,135.3,135.3,135.3,1501657493.0,0.0
Bitcoin,05/02/2013,117.0,117.0,91.01,91.01,117.0,1298951550.0,0.0
Bitcoin,05/06/2013,111.25,118.33,106.4,106.4,103.43,1148667722.0,0.0
Bitcoin,05/10/2013,112.64,118.78,112.64,113.01,91.01,1011066494.0,0.0
Bitcoin,05/14/2013,114.71,117.18,114.16,114.16,111.25,1236351844.0,0.0
Bitcoin,05/18/2013,115.5,123.88,115.5,120.5,116.79,1298377788.0,0.0
Bitcoin,05/22/2013,122.58,125.75,122.58,125.75,118.33,1315992304.0,0.0
Bitcoin,05/26/2013,131.7,134.6,128.99,128.99,106.4,1183766500.0,0.0
Bitcoin,05/30/2013,129.18,132.13,127.4,127.98,112.64,1253655040.0,0.0
Bitcoin,06/02/2013,129.09,129.09,121.16,121.16,113.0,1258130700.0,0.0
Bitcoin,06/06/2013,121.31,121.71,119.0,119.0,118.78,1322989457.0,0.0
Bitcoin,06/10/2013,110.09,110.09,99.75,105.99,113.01,1259239352.0,0.0
Bitcoin,06/14/2013,108.9,108.9,98.4,98.4,114.713,1278708679.0,0.0
Bitcoin,06/18/2013,99.99,106.55,99.99,106.55,117.18,1306721052.0,0.0
Bitcoin,06/22/2013,107.9,110.91,107.25,107.25,114.5,1277278988.0,0.0
Bitcoin,06/26/2013,108.0,108.0,102.44,103.39,114.156,1273849681.0,0.0
Bitcoin,06/29/2013,99.66,99.66,93.33,95.39,115.5,1289277412.0,0.0
Bitcoin,07/02/2013,97.5,97.5,89.49,90.8,123.1,1374605382.0,0.0
Bitcoin,07/06/2013,78.8,78.8,67.81,68.08,123.88,1383755085.0,0.0
Bitcoin,07/10/2013,77.5,85.75,76.39,85.75,120.501,1346499262.0,0.0
Bitcoin,07/14/2013,93.8,95.58,88.06,94.0,122.58,1370131821.0,0.0
Bitcoin,07/18/2013,97.3,98.98,88.79,88.79,122.9,1374154118.0,0.0
Bitcoin,07/22/2013,91.57,91.7,89.28,91.7,123.0,1375791900.0,0.0
Bitcoin,07/26/2013,94.58,96.95,94.13,94.13,125.748,1407041528.0,0.0
Bitcoin,07/30/2013,94.01,110.34,94.01,110.34,131.7,1474180657.0,0.0
Bitcoin,08/02/2013,106.23,106.23,101.61,103.7,130.77,1464316690.0,0.0
Bitcoin,08/06/2013,104.86,106.75,104.86,106.75,134.6,1507769010.0,0.0
Bitcoin,08/10/2013,101.67,103.77,101.67,103.77,128.985,1445444606.0,0.0
Bitcoin,08/14/2013,105.18,111.87,105.18,111.87,129.179,1448115967.0,0.0
Bitcoin,08/18/2013,109.87,118.78,109.87,118.78,132.13,1481781795.0,0.0
Bitcoin,08/22/2013,120.5,122.5,120.0,120.0,127.401,1429308634.0,0.0
Bitcoin,08/26/2013,120.44,125.67,120.44,125.67,127.98,1436386730.0,0.0
Bitcoin,08/30/2013,123.02,137.76,123.02,137.76,129.09,1449499974.0,0.0
Bitcoin,09/02/2013,138.17,138.17,137.17,137.51,121.3,1362684200.0,0.0
Bitcoin,09/06/2013,135.21,135.21,123.73,123.73,121.16,1361765704.0,0.0
Bitcoin,09/10/2013,121.77,131.65,121.77,131.65,121.309,1364113640.0,0.0
Bitcoin,09/14/2013,134.22,135.05,129.95,129.95,121.714,1369233814.0,0.0
Bitcoin,09/18/2013,131.48,132.06,130.23,130.23,119.0,1339234925.0,0.0
Bitcoin,09/22/2013,128.57,128.57,126.73,126.73,110.09,1239395972.0,0.0
Bitcoin,09/26/2013,126.09,131.84,126.09,131.84,108.401,1220874393.0,0.0
Bitcoin,09/29/2013,133.93,140.28,131.65,131.65,99.7497,1123844958.0,0.0
Bitcoin,10/02/2013,132.55,132.55,123.07,123.07,105.99,1194605341.0,0.0
Bitcoin,10/06/2013,128.26,129.57,127.56,128.38,108.9,1227904672.0,0.0
Bitcoin,10/10/2013,125.72,130.9,125.72,130.27,108.4,1222819750.0,0.0
Bitcoin,10/14/2013,135.35,143.89,135.35,143.89,102.769,1159766150.0,0.0
Bitcoin,10/18/2013,143.61,170.51,143.61,170.51,98.399,1110902570.0,0.0
Bitcoin,10/22/2013,172.01,206.78,172.01,206.78,99.99,1129287060.0,0.0
Bitcoin,10/26/2013,198.8,198.8,172.48,189.83,100.42,1134610433.0,0.0
Bitcoin,10/30/2013,198.55,204.39,198.55,203.88,102.0,1152834600.0,0.0
Bitcoin,11/02/2013,205.26,212.45,205.26,212.45,106.55,1204638318.0,0.0
Bitcoin,11/06/2013,226.28,295.63,226.28,295.63,107.9,1220273470.0,0.0
Bitcoin,11/10/2013,332.02,358.0,313.0,340.55,110.91,1254733148.0,0.0
Bitcoin,11/14/2013,355.48,424.16,355.48,424.16,109.015,1233750009.0,0.0
Bitcoin,11/18/2013,437.41,614.4,437.41,614.4,107.25,1214260369.0,0.0
Bitcoin,11/22/2013,565.34,819.31,565.34,819.31,108.0,1223181000.0,0.0
Bitcoin,11/26/2013,764.43,914.13,764.43,914.13,102.443,1160635652.0,0.0
Bitcoin,11/29/2013,979.08,1127.45,979.08,1127.45,103.691,1175194910.0,0.0
Bitcoin,12/02/2013,1033.39,1078.64,974.03,1078.64,103.39,1172207388.0,0.0
Bitcoin,12/06/2013,1121.48,1121.48,811.98,811.98,99.66,1130338737.0,0.0
Bitcoin,12/10/2013,743.11,927.78,743.11,887.08,93.3311,1058953327.0,0.0
Bitcoin,12/14/2013,878.17,897.27,854.62,854.62,95.3886,1082693996.0,0.0
Bitcoin,12/18/2013,789.15,789.15,559.36,677.84,97.504,1107084792.0,0.0
Bitcoin,12/22/2013,694.25,694.25,596.12,645.75,89.489,1016445146.0,0.0
Bitcoin,12/26/2013,659.94,734.59,659.94,734.27,90.797,1031653673.0,0.0
Bitcoin,12/30/2013,738.81,760.52,726.47,755.16,78.8,895707780.0,0.0
Bitcoin,01/02/2014,767.74,825.47,767.74,825.47,78.48,892405890.0,0.0
Bitcoin,01/06/2014,849.14,936.38,826.5,826.5,67.809,771368060.0,0.0
Bitcoin,01/10/2014,838.32,905.72,838.32,905.72,68.0831,774804401.0,0.0
Bitcoin,01/14/2014,867.45,867.45,838.05,860.44,77.502,882356395.0,0.0
Bitcoin,01/18/2014,837.98,840.0,812.9,838.17,76.3915,870081997.0,0.0
Bitcoin,01/22/2014,869.15,869.57,846.97,846.97,77.0,877378425.0,0.0
Bitcoin,01/26/2014,808.32,891.86,804.39,891.86,85.75,977479256.0,0.0
Bitcoin,01/30/2014,777.0,817.93,777.0,817.93,93.804,1069724400.0,0.0
Bitcoin,02/02/2014,832.52,836.41,813.38,813.38,88.0622,1004551934.0,0.0
Bitcoin,02/06/2014,832.36,832.36,721.32,721.32,95.58,1090715949.0,0.0
Bitcoin,02/10/2014,701.61,701.61,672.07,697.76,94.0,1073073450.0,0.0
Bitcoin,02/14/2014,655.26,655.26,623.57,644.1,97.301,1111179853.0,0.0
Bitcoin,02/18/2014,613.85,645.14,613.85,620.99,98.9796,1130735527.0,0.0
Bitcoin,02/22/2014,593.89,622.97,571.06,622.97,97.8,1117707300.0,0.0
Bitcoin,02/26/2014,572.39,586.28,489.31,586.28,88.7869,1015062893.0,0.0
Bitcoin,02/27/2014,567.2,585.79,560.11,585.79,91.572,1047311253.0,0.0
Bitcoin,03/06/2014,675.0,675.0,617.62,617.62,89.28,1021492656.0,0.0
Bitcoin,03/10/2014,610.37,636.17,610.37,624.23,90.3672,1034399451.0,0.0
Bitcoin,03/14/2014,638.07,639.03,629.67,638.07,91.7024,1050054379.0,0.0
Bitcoin,03/18/2014,629.55,629.55,610.64,610.64,94.5806,1083333286.0,0.0
Bitcoin,03/22/2014,592.07,592.07,561.22,567.78,94.525,1083076902.0,0.0
Bitcoin,03/26/2014,571.42,584.44,567.64,567.64,96.9499,1111232483.0,0.0
Bitcoin,03/30/2014,503.66,503.66,457.4,457.4,94.13,1079278107.0,0.0
Bitcoin,04/02/2014,478.72,478.72,437.52,447.08,94.005,1078286703.0,0.0
Bitcoin,04/06/2014,448.88,464.83,448.88,457.79,98.5759,1131111629.0,0.0
Bitcoin,04/10/2014,450.46,450.46,360.84,420.06,101.5,1165105812.0,0.0
Bitcoin,04/14/2014,420.66,520.12,414.95,520.12,110.34,1267183179.0,0.0
Bitcoin,04/18/2014,529.16,529.16,478.23,501.55,106.23,1220481782.0,0.0
Bitcoin,04/22/2014,497.32,497.32,484.85,487.53,101.61,1167849454.0,0.0
Bitcoin,04/26/2014,494.27,494.27,437.92,437.92,103.7,1192378895.0,0.0
Bitcoin,04/29/2014,436.92,445.0,436.92,445.0,104.86,1206152150.0,0.0
Bitcoin,05/02/2014,455.09,455.09,434.03,434.03,106.56,1226188584.0,0.0
Bitcoin,05/06/2014,433.94,439.3,426.76,439.3,105.841,1218425716.0,0.0
Bitcoin,05/10/2014,437.36,452.51,436.28,436.28,106.75,1229098150.0,0.0
Bitcoin,05/14/2014,439.19,444.25,437.31,444.25,101.672,1171586790.0,0.0
Bitcoin,05/18/2014,445.17,445.85,443.87,443.87,103.4,1192028805.0,0.0
Bitcoin,05/22/2014,483.42,524.48,483.42,524.48,102.71,1184605785.0,0.0
Bitcoin,05/26/2014,523.11,579.62,523.11,569.48,103.77,1197378682.0,0.0
Bitcoin,05/30/2014,571.55,621.15,565.26,620.5,105.18,1214268916.0,0.0
Bitcoin,06/02/2014,640.16,667.37,640.16,667.37,106.068,1225008501.0,0.0
Bitcoin,06/06/2014,641.18,658.1,641.18,651.71,111.621,1289602061.0,0.0
Bitcoin,06/10/2014,649.9,649.9,630.04,630.04,111.87,1292943118.0,0.0
Bitcoin,06/14/2014,567.18,594.68,567.18,583.41,109.867,1270257534.0,0.0
Bitcoin,06/18/2014,592.52,607.16,592.52,593.39,112.74,1304015666.0,0.0
Bitcoin,06/22/2014,590.06,595.04,586.15,586.15,114.4,1323762440.0,0.0
Bitcoin,06/26/2014,582.41,598.24,561.47,598.24,118.782,1375023402.0,0.0
Bitcoin,06/29/2014,594.87,637.75,594.87,637.75,120.5,1395441212.0,0.0
Bitcoin,07/02/2014,643.94,648.11,640.28,640.28,121.51,1407757143.0,0.0
Bitcoin,07/06/2014,627.13,631.0,619.5,619.5,122.499,1419858347.0,0.0
Bitcoin,07/10/2014,620.05,630.84,615.13,630.84,120.0,1391517000.0,0.0
Bitcoin,07/14/2014,633.64,633.64,618.21,618.95,120.44,1397179275.0,0.0
Bitcoin,07/18/2014,614.15,627.02,614.15,626.18,122.0,1415749000.0,0.0
Bitcoin,07/22/2014,620.51,620.51,617.94,617.94,122.04,1416676932.0,0.0
Bitcoin,07/26/2014,599.81,600.1,590.38,590.38,125.67,1459371151.0,0.0
Bitcoin,07/30/2014,585.28,585.28,560.79,583.18,123.02,1429111038.0,0.0
Bitcoin,08/02/2014,593.87,593.87,585.57,585.57,123.44,1434594992.0,0.0
Bitcoin,08/06/2014,586.37,587.2,582.42,587.2,129.2,1502172870.0,0.0
Bitcoin,08/10/2014,590.91,590.91,573.41,573.41,137.76,1602407100.0,0.0
Bitcoin,08/14/2014,567.4,567.4,492.28,492.28,138.17,1607960283.0,0.0
Bitcoin,08/18/2014,521.05,521.05,459.89,484.15,137.17,1597132036.0,0.0
Bitcoin,08/22/2014,514.19,515.83,496.57,496.57,137.51,1601702729.0,0.0
Bitcoin,08/26/2014,508.11,510.64,500.39,510.45,135.21,1575534525.0,0.0
Bitcoin,08/30/2014,506.92,508.1,480.03,480.03,129.96,1514888487.0,0.0
Bitcoin,09/02/2014,475.82,475.82,474.69,474.73,126.13,1470861842.0,0.0
Bitcoin,09/06/2014,489.55,489.55,480.24,480.6,123.73,1443353756.0,0.0
Bitcoin,09/10/2014,471.13,477.11,471.13,476.38,121.77,1420952396.0,0.0
Bitcoin,09/14/2014,473.69,476.0,473.03,473.03,126.4,1475596760.0,0.0
Bitcoin,09/18/2014,462.59,462.59,393.26,393.26,127.78,1492304286.0,0.0
Bitcoin,09/22/2014,408.5,433.75,396.62,433.75,131.65,1538132775.0,0.0
Bitcoin,09/26/2014,420.92,420.92,398.01,398.01,134.22,1568874092.0,0.0
Bitcoin,09/29/2014,375.99,387.35,373.09,387.35,135.05,1579271324.0,0.0
Bitcoin,10/02/2014,380.89,380.89,356.19,356.19,131.39,1537187451.0,0.0
Bitcoin,10/06/2014,327.88,331.72,325.11,331.72,129.95,1520967287.0,0.0
Bitcoin,10/10/2014,353.39,359.52,353.39,359.52,131.48,1539430293.0,0.0
Bitcoin,10/14/2014,374.17,398.29,374.17,392.19,131.31,1538014334.0,0.0
Bitcoin,10/18/2014,379.39,389.12,379.39,386.95,132.06,1547280990.0,0.0
Bitcoin,10/22/2014,379.77,382.41,356.2,356.2,130.23,1526484433.0,0.0
Bitcoin,10/26/2014,354.32,354.32,347.03,348.29,128.57,1507618248.0,0.0
Bitcoin,10/30/2014,351.56,351.56,333.15,336.59,126.78,1487211807.0,0.0
Bitcoin,11/02/2014,323.98,324.0,323.98,324.0,128.37,1506534274.0,0.0
Bitcoin,11/06/2014,328.01,347.82,328.01,341.23,126.73,1487984454.0,0.0
Bitcoin,11/10/2014,344.18,366.15,344.18,366.15,126.09,1481135098.0,0.0
Bitcoin,11/14/2014,418.58,418.58,377.33,377.33,127.99,1504122481.0,0.0
Bitcoin,11/18/2014,387.62,387.62,374.87,376.79,128.02,1505025524.0,0.0
Bitcoin,11/22/2014,355.39,366.78,349.39,366.78,131.84,1550524096.0,0.0
Bitcoin,11/26/2014,377.74,377.74,365.77,368.45,133.93,1575663012.0,0.0
Bitcoin,11/29/2014,376.95,376.95,374.96,376.47,140.28,1650965841.0,0.0
Bitcoin,12/02/2014,379.49,381.38,374.1,374.1,131.65,1549941780.0,0.0
Bitcoin,12/06/2014,368.23,376.38,368.23,374.45,132.55,1561200410.0,0.0
Bitcoin,12/10/2014,361.43,361.43,346.91,346.91,132.04,1555751397.0,0.0
Bitcoin,12/14/2014,351.5,351.5,344.62,344.62,123.07,1450746083.0,0.0
Bitcoin,12/18/2014,328.53,328.53,309.77,317.54,128.26,1512486811.0,0.0
Bitcoin,12/22/2014,328.77,333.97,319.5,333.97,129.57,1528611793.0,0.0
Bitcoin,12/26/2014,322.19,327.72,314.57,314.57,127.56,1505549223.0,0.0
Bitcoin,12/30/2014,316.49,317.38,310.08,317.38,128.38,1515724889.0,0.0
Bitcoin,01/02/2015,313.99,314.45,286.57,286.57,125.72,1484816060.0,0.0
Bitcoin,01/06/2015,260.94,295.87,260.94,295.87,130.9,1546580228.0,0.0
Bitcoin,01/10/2015,284.45,289.57,267.18,267.18,129.68,1532820842.0,0.0
Bitcoin,01/14/2015,268.35,268.35,172.15,210.56,130.27,1540367845.0,0.0
Bitcoin,01/18/2015,205.82,214.55,199.49,214.55,135.35,1601082220.0,0.0
Bitcoin,01/22/2015,210.51,232.9,210.51,232.9,135.48,1603402413.0,0.0
Bitcoin,01/26/2015,248.1,271.29,248.1,259.24,140.48,1663458800.0,0.0
Bitcoin,01/30/2015,232.53,232.53,218.02,218.02,143.89,1704751164.0,0.0
Bitcoin,02/02/2015,226.27,240.02,226.01,226.01,143.61,1702245233.0,0.0
Bitcoin,02/06/2015,225.31,227.21,216.91,227.21,146.15,1732995548.0,0.0
Bitcoin,02/10/2015,222.91,222.91,219.1,219.1,151.34,1795176162.0,0.0
Bitcoin,02/14/2015,222.04,259.01,222.04,233.0,170.51,2023531688.0,0.0
Bitcoin,02/18/2015,235.92,242.46,234.62,240.3,172.01,2042261829.0,0.0
Bitcoin,02/22/2015,244.08,244.15,235.55,238.13,181.41,2154778910.0,0.0
Bitcoin,02/26/2015,238.73,253.9,236.17,253.9,193.45,2298993654.0,0.0
Bitcoin,02/27/2015,253.6,280.62,253.6,280.62,206.78,2458505640.0,0.0
Bitcoin,03/06/2015,273.02,275.58,272.34,275.58,198.8,2364666360.0,0.0
Bitcoin,03/10/2015,274.58,295.96,274.58,295.96,172.48,2052637048.0,0.0
Bitcoin,03/14/2015,293.92,293.92,281.49,285.26,178.96,2130644072.0,0.0
Bitcoin,03/18/2015,290.1,290.1,255.61,260.0,189.83,2260913266.0,0.0
Bitcoin,03/22/2015,260.91,267.8,259.49,266.03,198.55,2365643830.0,0.0
Bitcoin,03/26/2015,245.17,247.56,245.17,247.15,204.39,2436022215.0,0.0
Bitcoin,03/30/2015,252.05,252.05,241.91,243.27,204.2,2434768490.0,0.0
Bitcoin,04/02/2015,246.78,253.62,246.78,253.62,203.88,2432069229.0,0.0
Bitcoin,04/06/2015,253.32,259.71,253.21,253.21,205.26,2449516394.0,0.0
Bitcoin,04/10/2015,244.27,244.27,234.53,236.45,206.89,2470106260.0,0.0
Bitcoin,04/14/2015,235.74,235.74,218.0,223.02,212.45,2537555912.0,0.0
Bitcoin,04/18/2015,228.0,228.0,222.42,222.68,226.28,2703825377.0,0.0
Bitcoin,04/22/2015,224.31,235.17,224.31,235.17,230.63,2756789579.0,0.0
Bitcoin,04/26/2015,230.99,230.99,218.51,228.57,260.85,3119094311.0,0.0
Bitcoin,04/29/2015,225.64,236.22,225.64,236.22,295.63,3536067384.0,0.0
Bitcoin,05/02/2015,232.74,239.88,232.74,239.88,332.02,3972444990.0,0.0
Bitcoin,05/06/2015,238.97,238.97,229.82,236.85,358.0,4284552950.0,0.0
Bitcoin,05/10/2015,243.66,243.66,239.55,241.85,313.0,3747322075.0,0.0
Bitcoin,05/14/2015,241.52,241.52,235.48,236.99,340.55,4078792891.0,0.0
Bitcoin,05/18/2015,235.98,236.08,231.94,231.94,355.48,4259334699.0,0.0
Bitcoin,05/22/2015,234.05,240.94,234.05,239.03,404.17,4844512975.0,0.0
Bitcoin,05/26/2015,241.24,241.24,237.23,237.23,408.84,4902328893.0,0.0
Bitcoin,05/30/2015,237.49,237.49,229.68,229.68,424.16,5087746180.0,0.0
Bitcoin,06/02/2015,223.32,225.74,223.32,225.48,437.41,5248843453.0,0.0
Bitcoin,06/06/2015,224.17,225.29,223.62,223.62,488.36,5862542038.0,0.0
Bitcoin,06/10/2015,228.7,229.93,228.7,229.93,580.87,6975450004.0,0.0
Bitcoin,06/14/2015,230.52,237.2,230.52,237.2,614.4,7380464640.0,0.0
Bitcoin,06/18/2015,250.47,250.47,243.0,243.0,565.34,6793450510.0,0.0
Bitcoin,06/22/2015,245.48,247.28,243.85,243.85,675.06,8114440594.0,0.0
Bitcoin,06/26/2015,240.54,250.62,240.54,250.62,731.15,8790506777.0,0.0
Bitcoin,06/29/2015,248.35,262.41,248.35,262.41,819.31,9853534129.0,0.0
Bitcoin,07/02/2015,257.51,257.51,254.65,255.16,764.43,9196532447.0,0.0
Bitcoin,07/06/2015,260.42,271.04,260.42,265.38,793.07,9544775891.0,0.0
Bitcoin,07/10/2015,269.61,291.89,268.89,291.89,832.93,10028164851.0,0.0
Bitcoin,07/14/2015,310.19,310.19,283.95,283.95,914.13,11009416068.0,0.0
Bitcoin,07/18/2015,276.68,278.37,272.81,272.81,979.08,11795833455.0,0.0
Bitcoin,07/22/2015,277.25,277.25,274.94,275.61,1101.83,13280659993.0,0.0
Bitcoin,07/26/2015,288.44,292.61,288.39,292.61,1127.45,13593664650.0,0.0
Bitcoin,07/30/2015,293.99,293.99,283.68,283.68,1033.39,12464724345.0,0.0
Bitcoin,08/02/2015,280.7,281.83,280.7,281.83,974.03,11753157346.0,0.0
Bitcoin,08/06/2015,284.24,284.24,278.01,278.51,1078.64,13020236474.0,0.0
Bitcoin,08/10/2015,259.8,269.87,259.8,269.87,1121.48,13542487814.0,0.0
Bitcoin,08/14/2015,267.71,267.71,260.48,260.48,989.04,11947405392.0,0.0
Bitcoin,08/18/2015,257.82,257.82,225.96,225.96,1019.66,12322234219.0,0.0
Bitcoin,08/22/2015,234.64,234.64,227.25,227.25,811.98,9816777302.0,0.0
Bitcoin,08/26/2015,210.09,225.27,210.09,222.97,743.11,8987358118.0,0.0
Bitcoin,08/30/2015,231.66,231.66,228.07,230.08,897.89,10863885372.0,0.0
Bitcoin,09/02/2015,227.16,228.64,226.57,226.57,927.78,11230173843.0,0.0
Bitcoin,09/06/2015,230.05,240.5,230.05,240.5,887.08,10741252534.0,0.0
Bitcoin,09/10/2015,243.56,243.56,237.95,240.0,878.17,10636987805.0,0.0
Bitcoin,09/14/2015,234.91,234.91,229.91,229.91,897.27,10872198158.0,0.0
Bitcoin,09/18/2015,228.46,232.75,228.46,231.27,866.99,10509219285.0,0.0
Bitcoin,09/22/2015,230.66,230.66,226.45,229.87,854.62,10363485334.0,0.0
Bitcoin,09/26/2015,233.93,234.98,232.83,232.83,789.15,9573257565.0,0.0
Bitcoin,09/29/2015,239.28,239.28,236.05,236.05,691.65,8393847109.0,0.0
Bitcoin,10/02/2015,237.74,238.97,237.26,238.97,559.36,6791343584.0,0.0
Bitcoin,10/06/2015,238.66,246.44,238.66,243.22,677.84,8233502182.0,0.0
Bitcoin,10/10/2015,242.9,247.54,242.9,247.54,694.25,8436421862.0,0.0
Bitcoin,10/14/2015,245.57,254.63,245.57,254.63,596.12,7246404914.0,0.0
Bitcoin,10/18/2015,262.37,270.36,262.23,264.21,650.27,7907201916.0,0.0
Bitcoin,10/22/2015,270.27,277.39,267.02,277.39,645.75,7854951431.0,0.0
Bitcoin,10/26/2015,282.96,294.81,282.96,294.81,659.94,8030446893.0,0.0
Bitcoin,10/30/2015,303.64,325.8,303.64,312.28,668.74,8140337961.0,0.0
Bitcoin,11/02/2015,325.0,398.24,325.0,398.24,734.59,8944973877.0,0.0
Bitcoin,11/06/2015,404.36,404.36,372.83,387.06,734.27,8944473292.0,62881800.0
Bitcoin,11/10/2015,371.5,380.64,305.98,305.98,738.81,9002769255.0,28121600.0
Bitcoin,11/14/2015,337.96,337.96,320.48,320.48,726.47,8855251580.0,27018300.0
Bitcoin,11/18/2015,331.35,335.45,325.57,325.57,760.52,9270681761.0,24717100.0
Bitcoin,11/22/2015,321.42,325.16,321.42,322.83,755.16,9205343763.0,21903500.0
Bitcoin,11/26/2015,319.98,359.01,319.98,359.01,767.74,9358693020.0,23448600.0
Bitcoin,11/29/2015,356.21,378.27,356.21,378.27,772.53,9417082760.0,16837800.0
Bitcoin,12/02/2015,363.45,363.45,358.82,360.95,825.47,10062417390.0,54171500.0
Bitcoin,12/06/2015,362.77,394.36,362.77,394.36,849.14,10350952914.0,36344700.0
Bitcoin,12/10/2015,412.93,452.41,412.93,452.41,919.41,11207538944.0,62414600.0
Bitcoin,12/14/2015,434.9,465.0,434.9,465.0,936.38,11414401972.0,88584600.0
Bitcoin,12/18/2015,453.91,463.82,453.91,462.05,826.5,10107681750.0,80268100.0
Bitcoin,12/22/2015,441.13,442.82,436.24,442.82,838.32,10256342208.0,78060300.0
Bitcoin,12/26/2015,454.91,455.74,417.09,423.93,853.29,10443906952.0,58813600.0
Bitcoin,12/30/2015,420.71,432.15,420.71,431.14,863.3,10570439442.0,29763600.0
Bitcoin,01/02/2016,434.43,434.43,430.2,430.2,905.72,11094594497.0,48299500.0
Bitcoin,01/06/2016,433.53,456.43,431.34,456.43,867.45,10630187711.0,40171100.0
Bitcoin,01/10/2016,454.7,454.7,447.21,448.35,840.96,10309307616.0,42950500.0
Bitcoin,01/14/2016,445.79,445.79,365.91,365.91,838.05,10276902394.0,23469400.0
Bitcoin,01/18/2016,384.81,386.36,379.02,379.02,860.44,10555404678.0,28600400.0
Bitcoin,01/22/2016,418.85,418.85,377.21,389.64,837.98,10283900055.0,18719700.0
Bitcoin,01/26/2016,403.06,403.06,392.33,394.49,812.9,9979241690.0,39266000.0
Bitcoin,01/30/2016,379.55,379.55,364.35,364.35,840.0,10315662000.0,18052700.0
Bitcoin,02/02/2016,371.04,372.87,368.12,368.12,838.17,10293335273.0,17574100.0
Bitcoin,02/06/2016,388.38,388.38,374.9,375.52,869.15,10677333920.0,25421600.0
Bitcoin,02/10/2016,371.14,379.83,371.14,377.06,869.57,10686776168.0,26779700.0
Bitcoin,02/14/2016,382.72,404.14,382.72,399.38,865.03,10635024832.0,17879900.0
Bitcoin,02/18/2016,407.01,421.42,407.01,419.38,846.97,10417265166.0,18412100.0
Bitcoin,02/22/2016,441.12,441.12,420.3,420.3,808.32,9945387408.0,20176000.0
Bitcoin,02/26/2016,423.19,432.14,423.14,432.14,804.39,9900713656.0,31742800.0
Bitcoin,02/28/2016,432.8,436.92,432.8,436.92,853.51,10508799200.0,22676800.0
Bitcoin,03/02/2016,431.37,431.37,420.17,420.17,891.86,10984370725.0,32539200.0
Bitcoin,03/06/2016,409.41,413.74,397.24,413.74,777.0,9573533550.0,61878700.0
Bitcoin,03/10/2016,411.88,419.3,411.88,419.3,816.85,10067676250.0,33409200.0
Bitcoin,03/14/2016,410.8,415.64,410.8,415.64,817.17,10074827642.0,16261700.0
Bitcoin,03/18/2016,416.54,418.4,406.74,406.74,817.93,10087796517.0,31107400.0
Bitcoin,03/22/2016,411.88,418.08,411.09,418.08,832.52,10271715012.0,14722200.0
Bitcoin,03/26/2016,414.88,425.35,414.88,425.35,836.41,10323662258.0,19347600.0
Bitcoin,03/30/2016,422.76,422.76,412.6,415.37,813.38,10043290888.0,12759200.0
Bitcoin,04/02/2016,416.75,419.67,416.75,418.19,832.36,10281144248.0,14823400.0
Bitcoin,04/06/2016,419.44,422.65,419.44,421.08,830.92,10267242207.0,15706200.0
Bitcoin,04/10/2016,418.47,422.58,416.15,422.58,805.08,9951171213.0,47441900.0
Bitcoin,04/14/2016,426.18,429.97,424.27,429.97,721.32,8918941470.0,65733100.0
Bitcoin,04/18/2016,430.94,436.37,428.03,436.37,701.61,8678266711.0,86940400.0
Bitcoin,04/22/2016,441.92,451.82,441.92,451.82,672.07,8315656524.0,34864400.0
Bitcoin,04/26/2016,459.92,467.86,444.79,444.79,689.65,8535556672.0,38527400.0
Bitcoin,04/29/2016,449.38,456.57,447.9,447.9,697.76,8638931672.0,121884000.0
Bitcoin,05/02/2016,452.59,452.59,444.49,450.3,655.26,8115968452.0,65970400.0
Bitcoin,05/06/2016,447.12,461.62,447.12,459.25,651.91,8077474557.0,19109100.0
Bitcoin,05/10/2016,459.28,461.75,450.33,452.18,623.57,7729134561.0,90917600.0
Bitcoin,05/14/2016,454.73,457.84,454.73,457.84,644.1,7986582360.0,57350800.0
Bitcoin,05/18/2016,454.89,454.89,440.54,440.54,613.85,7614456286.0,24104900.0
Bitcoin,05/22/2016,441.89,443.18,438.68,443.18,645.14,8005429360.0,48516100.0
Bitcoin,05/26/2016,445.77,473.86,445.77,473.86,625.01,7758139753.0,22066400.0
Bitcoin,05/30/2016,528.55,534.22,524.62,531.41,620.99,7711283048.0,13276100.0
Bitcoin,06/02/2016,539.17,570.44,538.83,570.44,593.89,7377405511.0,35743400.0
Bitcoin,06/06/2016,573.53,585.56,573.53,577.91,582.75,7241455462.0,56059000.0
Bitcoin,06/10/2016,583.14,597.75,577.61,597.75,571.06,7098404288.0,21675800.0
Bitcoin,06/14/2016,671.71,704.29,671.71,693.23,622.97,7746491782.0,44590700.0
Bitcoin,06/18/2016,765.46,765.46,749.42,764.05,572.39,7120130927.0,47229500.0
Bitcoin,06/22/2016,734.16,734.16,591.9,623.21,489.31,6088839080.0,111102000.0
Bitcoin,06/26/2016,661.42,666.06,629.31,648.3,567.25,7061198906.0,75039300.0
Bitcoin,06/29/2016,646.84,671.62,637.44,671.62,586.28,7300959497.0,38219000.0
Bitcoin,07/02/2016,677.71,693.05,664.75,664.75,567.2,7065922360.0,24649000.0
Bitcoin,07/06/2016,678.7,678.7,638.62,638.62,560.11,6979712746.0,22903800.0
Bitcoin,07/10/2016,665.74,665.74,649.07,649.07,561.35,6997269851.0,11143900.0
Bitcoin,07/14/2016,670.95,670.95,658.15,665.69,585.79,7304054418.0,33049800.0
Bitcoin,07/18/2016,663.5,678.39,663.5,674.56,675.0,8418886875.0,86124600.0
Bitcoin,07/22/2016,670.89,670.89,651.09,655.42,658.24,8212712376.0,26946700.0
Bitcoin,07/26/2016,660.85,660.85,651.31,655.62,654.55,8169324004.0,16659800.0
Bitcoin,07/30/2016,655.89,657.34,623.75,623.75,617.62,7711032022.0,29823000.0
Bitcoin,08/02/2016,605.75,605.75,517.13,567.38,610.37,7623170337.0,21353000.0
Bitcoin,08/06/2016,576.6,592.67,576.03,592.67,636.17,7947989895.0,15489000.0
Bitcoin,08/10/2016,590.71,592.27,585.3,587.61,621.17,7763134192.0,16425700.0
Bitcoin,08/14/2016,586.53,586.53,567.73,567.73,624.23,7803983008.0,12542300.0
Bitcoin,08/18/2016,578.22,578.22,571.46,573.49,638.07,7979719372.0,20806300.0
Bitcoin,08/22/2016,581.95,585.22,580.59,582.0,639.03,7994472985.0,12866600.0
Bitcoin,08/26/2016,577.89,578.1,568.58,568.58,629.67,7879611671.0,11939800.0
Bitcoin,08/30/2016,573.53,576.08,571.76,571.76,638.07,7987471922.0,5963930.0
Bitcoin,09/02/2016,571.59,596.2,571.59,596.2,629.55,7883319532.0,4834240.0
Bitcoin,09/06/2016,608.69,614.33,606.64,614.33,623.705,7812934238.0,13371500.0
Bitcoin,09/10/2016,625.47,625.47,605.32,605.32,612.622,7676276184.0,23217800.0
Bitcoin,09/14/2016,605.83,608.43,605.58,605.58,610.636,7653772688.0,15227500.0
Bitcoin,09/18/2016,606.55,608.8,605.34,608.62,592.07,7423640092.0,20048500.0
Bitcoin,09/22/2016,607.77,607.77,594.96,601.89,582.303,7303695511.0,38053400.0
Bitcoin,09/26/2016,601.27,606.1,599.31,604.21,561.22,7041711523.0,17983700.0
Bitcoin,09/29/2016,603.55,608.26,603.55,608.26,567.779,7127031703.0,10283000.0
Bitcoin,10/02/2016,614.06,614.06,610.36,611.96,571.418,7175538679.0,17185800.0
Bitcoin,10/06/2016,609.24,616.22,609.24,616.22,582.55,7317439677.0,18634700.0
Bitcoin,10/10/2016,616.53,640.7,614.31,640.7,584.442,7343002343.0,17583200.0
Bitcoin,10/14/2016,635.62,638.18,634.62,637.21,567.64,7133333206.0,22316700.0
Bitcoin,10/18/2016,640.19,640.19,628.44,628.44,503.661,6331497248.0,79571600.0
Bitcoin,10/22/2016,628.54,652.09,628.54,649.63,502.302,6317113200.0,26810900.0
Bitcoin,10/26/2016,648.77,683.37,648.77,683.37,469.938,5912148997.0,17867800.0
Bitcoin,10/30/2016,687.56,715.41,687.56,698.58,457.399,5756309240.0,56838500.0
Bitcoin,11/02/2016,729.2,734.16,686.06,686.06,478.7163,6023351178.0,35685800.0
Bitcoin,11/06/2016,702.11,712.13,702.11,706.09,437.515,5506313797.0,49647600.0
Bitcoin,11/10/2016,708.94,721.18,708.94,715.64,447.0822,5604036051.0,40765500.0
Bitcoin,11/14/2016,703.76,712.16,702.35,712.16,448.8792,5641613449.0,22925500.0
Bitcoin,11/18/2016,740.9,750.41,738.48,750.41,464.8259,5824866676.0,13404500.0
Bitcoin,11/22/2016,728.37,748.12,728.37,741.17,460.7028,5808861023.0,10241400.0
Bitcoin,11/26/2016,736.75,738.2,727.76,727.76,457.792,5775641210.0,9802770.0
Bitcoin,11/29/2016,731.84,742.36,731.81,742.36,450.4638,5718579640.0,10921600.0
Bitcoin,12/02/2016,753.06,771.17,753.06,764.83,440.1983,5589580215.0,13204400.0
Bitcoin,12/06/2016,766.37,766.37,752.24,763.91,360.8407,4611917257.0,55868300.0
Bitcoin,12/10/2016,768.67,773.13,768.23,768.23,420.0563,5318033925.0,62562800.0
Bitcoin,12/14/2016,778.43,778.43,775.57,775.57,420.66,5321874506.0,19226500.0
Bitcoin,12/18/2016,781.34,790.12,781.34,790.12,414.9495,5234667259.0,22493500.0
Bitcoin,12/22/2016,799.72,917.1,799.72,917.1,457.6338,5802302128.0,50730200.0
Bitcoin,12/26/2016,891.68,929.12,891.68,929.12,520.1233,6522974948.0,49561000.0
Bitcoin,12/30/2016,977.14,977.14,960.93,966.57,529.1625,6674473792.0,56480100.0
Bitcoin,01/02/2017,998.05,1035.53,998.05,1035.53,494.4,6278792387.0,34025500.0
Bitcoin,01/06/2017,1130.85,1130.85,894.03,900.08,478.2312,6074116360.0,19042400.0
Bitcoin,01/10/2017,908.09,908.09,784.28,784.28,501.5515,6353700029.0,19588200.0
Bitcoin,01/14/2017,799.43,824.5,799.43,821.91,497.3177,6312896984.0,12103100.0
Bitcoin,01/18/2017,828.31,904.15,828.31,896.89,492.6733,6284666435.0,15171400.0
Bitcoin,01/22/2017,891.46,919.68,891.46,918.91,484.8533,6187034895.0,9770190.335015288
Bitcoin,01/26/2017,885.79,918.29,885.79,918.29,487.525,6231920621.0,8412033.043193607
Bitcoin,01/30/2017,920.25,968.27,914.14,968.27,494.2733,6350012525.0,9512215.003743047
Bitcoin,02/02/2017,986.57,1015.44,986.57,1015.44,458.8067,5857079867.0,44062361.80745845
Bitcoin,02/06/2017,1033.63,1051.5,1016.93,1051.5,453.8,5822776642.0,11997979.867558926
Bitcoin,02/10/2017,1055.3,1055.3,981.7,1010.95,437.9216,5542720307.0,9760121.834963577
Bitcoin,02/14/2017,1000.52,1010.1,996.1,1008.88,436.92,5593864954.0,20781687.97683261
Bitcoin,02/18/2017,1034.9,1058.58,1034.9,1053.5,443.27,5683724524.0,15011935.551518673
Bitcoin,02/22/2017,1082.02,1185.65,1082.02,1185.65,444.9968,5690810165.0,13054745.683608102
Bitcoin,02/26/2017,1180.87,1193.13,1149.4,1193.13,455.0913,5821425472.0,11953625.134976294
Bitcoin,02/27/2017,1190.33,1289.54,1190.33,1289.54,443.4734,5716625927.0,8165770.147874059
Bitcoin,03/06/2017,1268.81,1280.99,1233.06,1233.06,434.0333,5570422954.0,9446958.635517636
Bitcoin,03/10/2017,1149.63,1191.24,1100.01,1181.2,433.9432,5554777406.0,5229830.630972039
Bitcoin,03/14/2017,1230.56,1258.46,1230.56,1258.46,429.0761,5518951942.0,8567756.392353557
Bitcoin,03/18/2017,1217.31,1217.31,961.96,1023.49,426.7634,5463474513.0,10822749.124633348
Bitcoin,03/22/2017,1036.33,1112.7,1029.14,1029.14,439.3,5590798951.0,16360711.036365218
Bitcoin,03/26/2017,940.02,1042.61,940.02,1042.61,437.3633,5609810850.0,8491458.546028852
Bitcoin,03/30/2017,1044.72,1078.27,1031.49,1078.27,447.4933,5730133343.0,8820053.293163313
Bitcoin,04/02/2017,1085.25,1139.31,1085.25,1139.31,452.505,5795543101.0,5529665.186791251
Bitcoin,04/06/2017,1140.5,1194.21,1132.34,1189.78,436.2833,5598956479.0,11522907.034093864
Bitcoin,04/10/2017,1182.27,1226.62,1182.27,1226.62,439.19,5633629021.0,5903393.674349334
Bitcoin,04/14/2017,1218.3,1218.3,1174.21,1180.32,437.305,5625308533.0,5619474.108984868
Bitcoin,04/18/2017,1186.31,1225.72,1186.31,1225.72,444.2467,5669111766.0,6764834.29138491
Bitcoin,04/22/2017,1253.9,1254.99,1247.84,1247.84,444.25,5712906334.0,6219944.38500291
Bitcoin,04/26/2017,1249.96,1331.31,1249.96,1331.31,445.165,5725217915.0,5292980.730698652
Bitcoin,04/29/2017,1321.21,1349.89,1321.21,1349.89,445.8533,5737967927.0,2642092.2130057854
Bitcoin,05/02/2017,1408.45,1485.82,1408.45,1485.82,444.2133,5706165793.0,7828552.781743507
Bitcoin,05/06/2017,1499.36,1557.88,1499.36,1557.88,443.87,5706978471.0,11697296.019628461
Bitcoin,05/10/2017,1633.38,1808.78,1633.38,1808.78,483.4167,6214911439.0,59415447.482920215
Bitcoin,05/14/2017,1700.77,1767.71,1696.13,1696.13,488.7717,6294422409.0,20125942.252461053
Bitcoin,05/18/2017,1716.32,1972.9,1716.32,1972.9,522.6083,6716604600.0,28758404.007310245
Bitcoin,05/22/2017,2043.42,2292.7,2043.42,2292.7,524.475,6662964359.0,30253343.70043255
Bitcoin,05/26/2017,2448.13,2448.13,2082.85,2082.85,523.1083,6727963028.0,10236386.684289353
Bitcoin,05/30/2017,2219.49,2329.08,2167.64,2329.08,569.3767,7325371780.0,43762384.55551313
Bitcoin,06/02/2017,2436.04,2562.54,2436.04,2562.54,579.6217,7479335238.0,26174591.715237826
Bitcoin,06/06/2017,2556.41,2903.44,2556.41,2716.06,569.475,7325147499.0,33059214.23635299
Bitcoin,06/10/2017,2824.2,3013.71,2817.06,3013.71,571.5533,7402205099.0,15739188.285988351
Bitcoin,06/14/2017,2701.26,2736.19,2444.49,2444.49,565.26,7290260762.0,14362990.94411866
Bitcoin,06/18/2017,2513.81,2683.57,2513.81,2620.14,621.1467,7897757908.0,42271699.63749006
Bitcoin,06/22/2017,2777.79,2777.79,2717.0,2737.75,620.5,8007248676.0,18656368.10083591
Bitcoin,06/26/2017,2618.42,2618.42,2488.19,2531.35,640.1617,8094125581.0,53565199.679242626
Bitcoin,06/29/2017,2575.44,2575.44,2490.75,2490.75,656.41,8487587033.0,41153743.55147136
Bitcoin,07/02/2017,2439.82,2576.71,2439.82,2576.71,667.3683,8580309812.0,37419432.11298669
Bitcoin,07/06/2017,2611.0,2612.67,2509.22,2509.22,641.1833,8249183077.0,43722721.85640881
Bitcoin,07/10/2017,2563.2,2563.2,2353.91,2353.91,658.1,8478552324.0,24809749.5691626
Bitcoin,07/14/2017,2387.33,2387.33,2033.29,2033.29,648.63,8409353268.0,14032413.3666774
Bitcoin,07/18/2017,1927.1,2303.89,1927.1,2274.62,651.7083,8428206589.0,12954147.496912882
Bitcoin,07/22/2017,2766.83,2802.35,2658.07,2731.6,649.8983,8445489607.0,6819173.803153491
Bitcoin,07/26/2017,2751.35,2751.35,2507.39,2649.44,643.905,8290260777.375,15165258.001682783
Bitcoin,07/30/2017,2798.83,2871.37,2720.1,2871.37,649.0567,8359493314.815,13698528.103743391
Bitcoin,08/02/2017,2737.76,2777.37,2697.85,2777.37,630.0367,8116778557.0175,20706208.81438605
Bitcoin,08/06/2017,2845.9,3356.71,2845.9,3356.71,567.175,7309311839.375,41032286.05220322
Bitcoin,08/10/2017,3410.45,3562.59,3330.9,3562.59,594.6833,7666330027.785,37950646.151919045
Bitcoin,08/14/2017,3800.14,4175.7,3800.14,4149.31,570.0033,7350662806.2225,33752601.59059282
Bitcoin,08/18/2017,4262.56,4286.92,4097.69,4115.21,583.41,7526353631.25,19377536.876052536
Bitcoin,08/22/2017,4001.23,4069.08,3935.23,4069.08,592.52,7646618730.0,25803391.330629352
Bitcoin,08/26/2017,4167.29,4199.89,4116.47,4116.47,607.1583,7838352937.170001,14064824.78230287
Bitcoin,08/30/2017,4216.24,4702.94,4216.24,4702.94,604.19,7802403926.750001,14955835.77044088
Bitcoin,09/02/2017,4863.19,4863.19,4556.6,4632.46,593.3883000000002,7665345555.277503,11266428.30113169
Bitcoin,09/06/2017,4317.19,4592.25,4317.19,4584.82,590.055,7625133251.249999,14899960.97248743
Bitcoin,09/10/2017,4285.21,4285.21,4132.66,4164.98,591.2567,7643411863.58,8304999.789508111
Bitcoin,09/14/2017,4130.96,4130.96,3100.67,3587.94,595.0367,7694627830.545,9952321.043074599
Bitcoin,09/18/2017,3606.28,4012.29,3553.43,3898.93,586.1482999999998,7582634214.4124975,11249420.61918756
Bitcoin,09/22/2017,3858.02,3858.02,3622.18,3763.41,582.4149999999998,7537047075.374997,11613405.81708644
Bitcoin,09/26/2017,3672.31,4134.21,3672.31,4134.21,561.4716999999999,7268686297.067499,18237241.345597345
Bitcoin,09/29/2017,4134.88,4297.79,4130.42,4297.79,579.5867,7505647765.0,12733876.653646294
Bitcoin,10/02/2017,4347.58,4383.33,4319.07,4319.07,598.2367,7750006889.325,19906418.825948466
Bitcoin,10/06/2017,4231.46,4405.02,4231.46,4405.02,594.8717000000001,7709210052.5650015,13624207.397432778
Bitcoin,10/10/2017,4562.32,4807.93,4562.32,4807.93,598.4883,7758488114.8425,8878656.403461741
Bitcoin,10/14/2017,5331.62,5684.05,5331.62,5684.05,637.7549999999999,8269625590.124999,47015974.05882847
Bitcoin,10/18/2017,5728.93,5728.93,5592.78,5696.38,643.9350000000001,8351853048.375001,38496541.685756736
Bitcoin,10/22/2017,5952.77,6043.97,5952.77,5959.98,648.1075000000002,8408206448.562503,25992122.167154185
Bitcoin,10/26/2017,5550.08,5883.05,5550.08,5775.52,640.2838000000003,8308930858.410004,18539083.74715486
Bitcoin,10/30/2017,5734.31,6368.65,5734.31,6368.65,627.1288,8140821665.68,22418156.550761543
Bitcoin,11/02/2017,6714.79,7234.74,6714.79,7234.74,627.5812999999999,8149049043.304998,9292051.769341238
Bitcoin,11/06/2017,7390.54,7416.27,7103.05,7166.74,631.0025,8195697095.937501,11187211.133814601
Bitcoin,11/10/2017,7461.82,7461.82,6365.4,6365.4,619.4950000000002,8048556476.875003,18525910.64620546
Bitcoin,11/14/2017,5866.51,7297.67,5866.51,7297.67,620.0474999999996,8058075305.249995,9269839.610474609
Bitcoin,11/18/2017,7814.94,8011.15,7783.54,8011.15,620.16,8060033472.0,9329941.299859986
Bitcoin,11/22/2017,8220.51,8257.12,8114.13,8117.66,615.1275000000002,7994627579.250003,15009203.935868405
Bitcoin,11/26/2017,8278.13,9831.4,8278.13,9831.4,630.8350000000002,8198773244.500003,15836826.82458833
Bitcoin,11/29/2017,10257.07,10406.19,9875.89,10406.19,633.6389951679741,8235215928.499609,13267457.870885218
Bitcoin,12/02/2017,10995.72,11256.7,10995.72,11256.7,627.4623228193354,8154939570.986056,11435029.121800043
Bitcoin,12/06/2017,11634.98,18491.18,11634.98,18491.18,618.2050265064788,8034625267.996753,2646077079.3567286
Bitcoin,12/10/2017,16908.0,17106.51,15266.43,17106.51,618.9524999999999,8044339956.749999,10776372.317991683
Bitcoin,12/14/2017,17249.92,17978.63,16525.04,17978.63,614.1474999999997,7981890813.249996,13679053.322608326
Bitcoin,12/18/2017,19665.39,19665.39,18174.19,18174.19,622.8950000000001,8095579446.500001,14637445.280315427
Bitcoin,12/22/2017,17059.89,17059.89,14084.82,15241.92,627.0188000000003,8173252759.880004,14086517.690069783
Bitcoin,12/26/2017,14451.11,16616.68,14302.75,16373.08,626.1763000000001,8165088481.480001,7640657.031253545
Bitcoin,12/30/2017,15067.9,15096.56,13620.36,14839.59,620.5138,8093609698.919999,4767570.26288198
Bitcoin,01/02/2018,14093.61,15583.89,14093.61,15583.89,619.9088000000002,8088074095.3600025,8225443.991691393
Bitcoin,01/06/2018,15976.37,18343.66,15976.37,17039.87,619.0062999999999,8078589320.669999,7698580.9229142675
Bitcoin,01/10/2018,15900.37,15900.37,14050.57,14050.57,617.9425000000001,8066930366.250001,9043046.013458895
Bitcoin,01/14/2018,14759.29,15193.31,14412.0,14412.0,599.8088,7832303310.4,24703385.252356224
Bitcoin,01/18/2018,11723.91,11758.47,11415.39,11758.47,600.0963000000002,7837677745.410003,20256797.398241412
Bitcoin,01/22/2018,13260.27,13260.27,10894.0,10894.0,593.7750000000001,7758026640.000001,11443452.28870578
Bitcoin,01/26/2018,11277.12,11456.21,11044.91,11456.21,590.3788,7715896688.72,9300140.74662901
Bitcoin,01/30/2018,11665.7,11665.7,9989.69,9989.69,585.2787999999998,7651364384.369997,23117898.15816101
Bitcoin,02/02/2018,10114.5,10114.5,8830.16,8830.16,581.7138,7607013191.22,11790372.332249207
Bitcoin,02/06/2018,8994.91,8994.91,6852.05,7711.22,560.7912999999999,7335781094.212499,18397948.917774394
Bitcoin,02/10/2018,7611.61,8650.72,7611.61,8574.68,583.1821057431899,7630850376.333778,23252091.391060743
Bitcoin,02/14/2018,8168.64,9428.03,8168.64,9428.03,593.8655273953669,7773046501.525218,22927176.796534866
Bitcoin,02/18/2018,10112.58,11006.65,10112.58,10523.43,588.2306991611412,7701689838.349342,9260582.608232379
Bitcoin,02/22/2018,11103.09,11502.38,9973.59,10032.86,585.5731940766995,7669135008.183718,9179432.125804095
Bitcoin,02/26/2018,10301.88,10355.58,9699.52,10355.58,586.3686859113967,7681459103.873592,11325982.78547038
Bitcoin,02/27/2018,10709.39,11098.08,10346.66,11098.08,582.4186267649761,7631722475.814864,13046784.254992407
Bitcoin,03/06/2018,11356.04,11526.42,10727.72,10727.72,583.3249999999999,7645917854.374999,12769922.201948395
Bitcoin,03/10/2018,9999.68,9999.68,8890.87,8890.87,587.2031590188054,7699128899.554043,11942668.461052554
Bitcoin,03/14/2018,9512.46,9512.46,8307.22,8307.22,590.9072702245192,7749970439.220903,12277588.527439365
Bitcoin,03/18/2018,8359.37,8520.01,8063.41,8217.84,588.1078559835756,7716004475.897311,7934876.355063622
Bitcoin,03/22/2018,8640.52,8970.32,8640.52,8736.39,588.5004825541756,7723612745.649575,8504716.676129557
Bitcoin,03/26/2018,8824.59,8824.59,8186.2,8186.2,573.4063,7528222642.385,16394404.861505693
Bitcoin,03/30/2018,7836.76,7930.78,6897.27,6897.27,567.4023482208208,7451879444.947211,15825348.317337945
Bitcoin,04/02/2018,6975.28,7080.42,6836.57,7080.42,543.6674999999999,7142146355.812499,36644669.931792624
Bitcoin,04/06/2018,7464.36,7464.36,6628.75,6628.75,503.7087999999998,6619438824.319998,46265624.62553175
Bitcoin,04/10/2018,6884.48,6984.81,6778.49,6829.32,492.2844982828295,6470895123.240938,31123413.362281278
Bitcoin,04/14/2018,6925.1,7897.72,6925.1,7897.72,521.0463000000001,6851511348.007502,27941383.427219495
Bitcoin,04/18/2018,8258.07,8258.07,7873.64,8097.42,494.7813,6508254263.94,28596111.80240412
Bitcoin,04/22/2018,8277.46,8878.43,8277.46,8769.01,459.8863000000001,6051494358.652501,60758484.534893334
Bitcoin,04/26/2018,8881.39,9716.49,8825.2,9221.87,484.1549999999999,6373125926.999999,45173284.02810885
Bitcoin,04/29/2018,8940.38,9325.63,8940.38,9325.63,514.1863000000001,6770599523.880001,55122051.107402146
Bitcoin,05/02/2018,9198.19,9198.19,9024.39,9122.65,515.605,6791368598.25,47111104.07847081
Bitcoin,05/06/2018,9551.14,9766.24,9551.14,9583.87,515.8263000000001,6796320998.280002,34159957.60252427
Bitcoin,05/10/2018,9308.27,9308.27,8969.94,8969.94,496.5688000000001,6544627813.360002,23986341.558129977
Bitcoin,05/14/2018,8405.56,8696.97,8405.56,8696.97,508.1138,6698642065.23,18509793.266628254
Bitcoin,05/18/2018,8473.35,8473.35,8056.05,8202.83,500.3863,6598469041.525,15737842.720394537
Bitcoin,05/22/2018,8180.63,8443.26,8009.3,8009.3,510.6387999999999,6735887474.679998,21288943.923400816
Bitcoin,05/26/2018,7556.32,7563.44,7328.87,7328.87,510.4463,6735479301.2325,21505988.92038193
Bitcoin,05/30/2018,7326.64,7451.23,7111.07,7380.85,506.9150000000001,6691049888.250001,18467248.48861226
Bitcoin,06/02/2018,7460.17,7567.51,7460.17,7567.51,508.0963,6708840033.1625,16001723.62834569
Bitcoin,06/06/2018,7639.88,7639.88,7463.65,7605.58,501.5300000000001,6624308546.000001,10747408.658269238
Bitcoin,06/10/2018,7613.78,7613.78,6767.5,6767.5,480.0262999999999,6342575501.242498,43358429.758384064
Bitcoin,06/14/2018,6880.13,6880.13,6334.1,6644.72,475.8200000000002,6288710716.500003,19343751.807486504
Bitcoin,06/18/2018,6406.81,6677.53,6406.81,6677.53,474.6938,6275487638.035,21083352.224831242
Bitcoin,06/22/2018,6708.68,6714.38,6088.58,6088.58,474.7263000000001,6277994218.035002,14233663.71176932
Bitcoin,06/26/2018,6169.44,6241.85,6069.87,6069.87,489.5475000000001,6475917910.312501,23597497.056552686
Bitcoin,06/29/2018,6117.04,6182.26,5879.99,6182.26,480.2425000000001,6354592772.125001,14058803.04997312
Bitcoin,07/02/2018,6366.5,6595.55,6312.88,6595.55,482.3588,6384706079.29,9776900.705157386
Bitcoin,07/06/2018,6497.61,6603.29,6497.61,6603.29,480.6025,6363333295.8125,7748654.382831849
Bitcoin,07/10/2018,6759.84,6759.84,6303.38,6303.38,471.1250000000001,6239603056.250001,27618107.417669404
Bitcoin,07/14/2018,6373.23,6373.23,6230.59,6246.14,471.7538,6249605640.88,20218609.30319999
Bitcoin,07/18/2018,6349.7,7334.77,6349.7,7334.77,477.1138,6322521232.08,20792329.424092777
Bitcoin,07/22/2018,7442.8,7442.8,7331.87,7395.87,476.3775000000001,6314752955.062501,14579193.13186878
Bitcoin,07/26/2018,7705.0,8422.37,7705.0,7929.08,473.6874999999999,6280918617.187499,13395857.32409978
Bitcoin,07/30/2018,8145.33,8197.59,8145.33,8185.92,476.0013,6313764543.4275,14007703.004896387
Bitcoin,08/02/2018,7738.25,7738.25,7540.63,7540.63,474.795,6299010306.0,11468703.326540692
Bitcoin,08/06/2018,7411.67,7411.67,6926.12,6926.12,473.0313,6278083239.3825,12723496.884358438
Bitcoin,08/10/2018,6711.73,6711.73,6166.59,6166.59,462.5925,6141505242.9375,16956832.82370955
Bitcoin,08/14/2018,6205.22,6318.41,6205.22,6212.23,454.6238000000001,6037835956.610002,23179362.991400693
Bitcoin,08/18/2018,6267.77,6566.72,6267.77,6382.06,423.565,5627251629.25,48338347.98438927
Bitcoin,08/22/2018,6475.49,6475.49,6242.88,6336.66,393.2624999999999,5226301319.999999,47766762.1622319
Bitcoin,08/26/2018,6521.07,6736.04,6521.07,6728.29,408.5025,5430693510.375,47847915.31720254
Bitcoin,08/30/2018,6911.1,7075.98,6911.1,7024.15,396.62,5274312253.0,32843840.15919743
Bitcoin,09/02/2018,7027.63,7305.27,7027.63,7305.27,398.3113000000001,5298466363.772501,24225299.2144736
Bitcoin,09/06/2018,7260.9,7359.46,6498.28,6498.28,433.7512999999999,5771559860.494999,57448184.246617585
Bitcoin,09/10/2018,6397.82,6397.82,6181.19,6308.14,420.92,5602424154.0,32689372.436466075
Bitcoin,09/14/2018,6278.92,6500.01,6278.92,6500.01,407.9775,5431965426.5625,30733509.96720748
Bitcoin,09/18/2018,6530.22,6530.22,6250.12,6347.07,402.88,5365475264.0,23707503.068168852
Bitcoin,09/22/2018,6383.75,6753.83,6383.75,6747.03,398.0074999999999,5301867857.687499,16698720.05207724
Bitcoin,09/26/2018,6711.03,6711.03,6441.31,6462.8,375.9887999999999,5009825166.719998,29504744.82791448
Bitcoin,09/29/2018,6704.7,6704.7,6606.07,6606.07,373.0888,4972406272.54,37668363.03976922
Bitcoin,10/02/2018,6626.04,6626.04,6524.61,6524.61,387.3512999999999,5164012591.079999,34519038.81008948
Bitcoin,10/06/2018,6499.26,6621.19,6499.26,6589.12,380.8949999999999,5079406227.749999,26019381.155069035
Bitcoin,10/10/2018,6584.83,6653.09,6582.46,6582.46,371.8413,4959944620.5375,19867284.508463353
Bitcoin,10/14/2018,6234.37,6328.55,6234.37,6328.55,356.1899999999999,4752500693.999999,29080111.339532
Bitcoin,10/18/2018,6659.88,6659.88,6517.51,6517.51,327.8813,4376051376.385,44971218.61630971
Bitcoin,10/22/2018,6483.83,6532.68,6483.83,6512.59,325.1099999999999,4340421693.749999,81809696.99023308
Bitcoin,10/26/2018,6472.8,6481.44,6458.19,6468.83,328.73,4390074094.5,75997580.13997829
Bitcoin,10/30/2018,6457.06,6481.32,6292.65,6331.78,331.7238,4431199692.78,43924704.45993865
Bitcoin,11/02/2018,6366.72,6425.44,6366.72,6425.44,353.3901000000001,4721892499.170001,50777426.825353265
Bitcoin,11/06/2018,6388.19,6474.85,6351.06,6474.85,358.395,4790047733.625,80036548.33990295
Bitcoin,11/10/2018,6574.8,6574.8,6413.78,6429.9,357.5549999999999,4780224305.999999,42046080.75021416
Bitcoin,11/14/2018,6434.28,6434.28,5788.61,5788.61,359.515,4807704216.25,32266988.405666195
Bitcoin,11/18/2018,5686.54,5686.54,5599.19,5638.86,374.1675000000001,5005060917.937501,30739066.019255087
Bitcoin,11/22/2018,4889.2,4889.2,4307.39,4307.39,387.0387999999999,5178714607.579999,55435747.92234496
Bitcoin,11/26/2018,4376.9,4376.9,3811.92,3811.92,398.2888,5330587769.78,71417120.06933361
Bitcoin,11/29/2018,3832.92,4279.48,3832.92,4279.48,392.1900000000001,5250404406.000001,49257724.14281866
Bitcoin,12/02/2018,4009.69,4189.57,4009.69,4124.59,379.3912999999999,5080504776.5599985,48941848.6690588
Bitcoin,12/06/2018,3878.84,3943.69,3466.76,3466.76,380.2925,5093875427.8125,38063635.90178972
Bitcoin,12/10/2018,3408.52,3550.55,3408.52,3433.81,389.1163,5213672024.625,43799624.062763646
Bitcoin,12/14/2018,3378.81,3438.1,3216.63,3216.63,386.945,5185875584.5,32870166.09728563
Bitcoin,12/18/2018,3221.98,3655.78,3217.05,3655.78,379.7699999999999,5090987746.499999,32186402.177928016
Bitcoin,12/22/2018,3687.75,4065.1,3687.75,3960.57,382.4137999999999,5127920489.029999,33195457.629108418
Bitcoin,12/26/2018,3941.62,4021.99,3759.18,3781.61,379.4425000000001,5089595057.375001,22279085.760041673
Bitcoin,12/30/2018,3587.7,3854.42,3587.7,3809.73,356.2000000000001,4779135400.000001,48354309.486003265
Bitcoin,01/02/2019,3692.53,3872.17,3692.53,3872.17,354.3175000000001,4755312883.375001,32650701.35283577
Bitcoin,01/06/2019,3776.53,4013.52,3776.53,4013.52,347.0304940564094,4658797625.083782,35098508.122770295
Bitcoin,01/10/2019,3989.67,3989.67,3623.85,3623.85,350.1888000000001,4702361470.560001,27618300.827371847
Bitcoin,01/14/2019,3632.85,3648.05,3495.83,3648.05,348.29,4678274816.25,40322147.37977852
Bitcoin,01/18/2019,3567.8,3620.98,3567.8,3597.79,351.5638000000001,4723453013.090001,26517269.319478102
Bitcoin,01/22/2019,3674.59,3674.59,3531.0,3571.27,333.1474999999999,4477252539.374999,43376134.310925096
Bitcoin,01/26/2019,3555.7,3565.64,3555.7,3563.61,343.6674999999999,4620136994.687499,59854847.07670034
Bitcoin,01/30/2019,3553.12,3553.12,3413.38,3457.88,336.5879758057807,4526519245.630091,30524273.859307867
Bitcoin,02/02/2019,3431.94,3486.58,3431.94,3486.58,323.9763,4358250678.7125,38569972.59373859
Bitcoin,02/06/2019,3454.03,3469.89,3405.84,3405.84,323.9849999999999,4359606956.999999,28711350.70534258
Bitcoin,02/10/2019,3394.01,3675.69,3394.01,3675.69,323.995,4361102298.0,40772300.42284785
Bitcoin,02/14/2019,3631.44,3633.97,3589.66,3589.66,328.0083,4416492355.9725,35073797.880440444
Bitcoin,02/18/2019,3601.23,3886.52,3601.23,3886.52,337.5933,4546689684.735,44434915.106879316
Bitcoin,02/22/2019,3915.01,3976.81,3915.01,3973.64,347.8183,4685738573.94,43131102.62856433
Bitcoin,02/26/2019,4115.34,4115.34,3742.87,3809.21,341.2317,4598267773.35,40263476.29477718
Bitcoin,02/27/2019,3813.38,3819.65,3813.38,3819.65,344.1783,4639316977.02,30212775.72296773
Bitcoin,03/06/2019,3806.95,3860.51,3712.81,3860.51,363.4241291015933,4900092960.69292,51466025.86583119
Bitcoin,03/10/2019,3871.64,3941.6,3861.88,3923.56,363.7649999999999,4906043990.249999,62274660.836041614
Bitcoin,03/14/2019,3860.36,3876.7,3860.36,3876.7,366.15,4939381807.5,45679773.63975148
Bitcoin,03/18/2019,3925.46,4007.71,3925.46,3986.71,418.5783,5648170006.71,234617998.94235379
Bitcoin,03/22/2019,4013.58,4045.57,3983.32,3989.16,414.7083,5597421602.175,338849744.1846642
Bitcoin,03/26/2019,4008.95,4008.95,3927.58,3938.66,395.245,5336222507.25,263499968.5892329
Bitcoin,03/30/2019,4036.16,4103.86,4028.39,4103.86,377.3267,5095655585.9875,99179350.3470273
Bitcoin,04/02/2019,4103.52,4862.23,4103.52,4862.23,387.6233,5236180276.3025,95731301.28432417
Bitcoin,04/06/2019,4955.83,5041.87,4899.02,5041.87,384.9,5200788045.0,152824089.08328944
Bitcoin,04/10/2019,5176.98,5308.91,5172.18,5308.91,374.8683,5066663712.555,109440633.05073106
Bitcoin,04/14/2019,5047.79,5149.31,5047.79,5149.31,376.7883,5093942323.3125,84367865.3742223
Bitcoin,04/18/2019,5039.88,5274.77,5039.88,5274.77,355.3888345541618,4805825477.746428,93722502.0366924
Bitcoin,04/22/2019,5280.35,5380.94,5280.35,5380.94,349.3882854323945,4725799744.63716,100624477.55914839
Bitcoin,04/26/2019,5557.93,5557.93,5203.09,5295.85,351.5500000000001,4756418767.500001,68856354.94119315
Bitcoin,04/29/2019,5256.98,5257.8,5199.76,5199.76,366.7817,4963794289.2375,71063869.31374641
Bitcoin,05/02/2019,5292.8,5450.71,5292.8,5450.71,377.7417,5113527167.07,116848548.38822386
Bitcoin,05/06/2019,5731.49,5803.94,5715.76,5715.76,375.248,5080998638.0,115570302.47559404
Bitcoin,05/10/2019,5841.05,6370.23,5841.05,6370.23,365.7660000000001,4953852406.650002,92282203.67741974
Bitcoin,05/14/2019,7258.26,7990.06,6953.75,7990.06,368.448,4991429534.4,70974036.26141815
Bitcoin,05/18/2019,8192.22,8192.22,7300.66,7300.66,376.951,5108072424.775,91254232.81791146
Bitcoin,05/22/2019,8168.73,8168.73,7665.8,7665.8,374.9649999999999,5082659949.124999,100952560.51474999
Bitcoin,05/26/2019,7861.81,8631.08,7861.81,8631.08,376.472,5104546200.8,74926943.90674321
Bitcoin,05/30/2019,8816.03,8816.03,8310.89,8310.89,379.489,5146696228.575,64120830.50054466
Bitcoin,06/02/2019,8575.65,8743.71,8554.26,8743.71,381.3768000000001,5173729065.540001,66841251.26995943
Bitcoin,06/06/2019,8173.63,8173.63,7683.64,7821.12,374.103,5076166196.7,74772912.71073525
Bitcoin,06/10/2019,8036.11,8036.11,7668.03,8002.73,368.2282000000001,4997777244.500001,62639548.33058211
Bitcoin,06/14/2019,7897.98,8671.51,7897.98,8671.51,376.379,5109881265.075,57857463.42592923
Bitcoin,06/18/2019,8818.61,9312.87,8818.61,9094.02,373.671,5074368104.025,48428933.75856517
Bitcoin,06/22/2019,9285.93,10704.92,9285.93,10704.92,374.448,5086108461.6,38514374.875024594
Bitcoin,06/26/2019,10846.13,12996.12,10846.13,12996.12,361.433,4910799206.825,66593741.913184226
Bitcoin,06/29/2019,11178.68,12352.2,11178.68,11972.56,350.9280000000001,4769269437.600001,88924869.65991856
Bitcoin,07/02/2019,10888.1,10888.1,10639.05,10822.76,346.9798718363186,4716905099.220487,59696950.62553664
Bitcoin,07/06/2019,11975.64,11975.64,10987.25,11279.48,346.9089999999999,4717173182.024999,118502898.82834333
Bitcoin,07/10/2019,11436.43,12544.17,11436.43,12166.4,351.502,4780796277.1,50698218.39649164
Bitcoin,07/14/2019,11385.06,11804.56,10285.46,10285.46,347.484,4727528507.1,38735004.41273056
Bitcoin,07/18/2019,10911.35,10911.35,9538.83,10636.16,350.133,4764706150.575,44354135.28957544
Bitcoin,07/22/2019,10536.57,10774.28,10343.32,10343.32,344.615,4690951072.25,30644200.622725755
Bitcoin,07/26/2019,9936.38,9936.38,9799.31,9846.0,328.5340000000001,4473187530.400002,71798679.48126574
Bitcoin,07/30/2019,9447.68,9568.44,9447.68,9568.44,318.828,4342046795.7,76239460.27345972
Bitcoin,08/02/2019,10063.0,10529.17,10063.0,10529.17,309.765,4219673038.875,90976235.79233617
Bitcoin,08/06/2019,10791.2,11818.53,10791.2,11510.16,317.54,4326569823.5,60607669.3459044
Bitcoin,08/10/2019,11970.66,12024.33,11327.84,11327.84,328.7740000000001,4480153981.900002,64328493.85057997
Bitcoin,08/14/2019,11550.0,11550.0,10016.22,10016.22,319.501,4353792201.85,58024786.31176
Bitcoin,08/18/2019,10295.88,10324.99,10224.22,10309.87,329.886,4498284260.25,51126866.96604784
Bitcoin,08/22/2019,10895.97,10895.97,10124.06,10127.79,333.97,4555334101.5,58571793.10819222
Bitcoin,08/26/2019,10385.51,10385.51,10090.06,10334.91,322.194,4395934387.5,37974791.61572064
Bitcoin,08/30/2019,10167.89,10167.89,9485.14,9588.99,318.166,4342234118.2,75362825.06098935
Bitcoin,09/02/2019,9607.29,10323.02,9607.29,10323.02,327.7169708710151,4473844613.694206,93256490.21344973
Bitcoin,09/06/2019,10620.17,10620.17,10350.75,10350.75,314.568,4295536138.8,145862961.0588076
Bitcoin,09/10/2019,10461.55,10461.55,10121.1,10121.1,316.491,4322768586.675,67051620.38671447
Bitcoin,09/14/2019,10150.71,10401.32,10150.71,10349.55,312.6329999999999,4271645363.8499985,99471184.46915883
Bitcoin,09/18/2019,10305.68,10305.68,10158.85,10158.85,310.079,4237996980.525,71609763.01677348
Bitcoin,09/22/2019,10253.23,10253.23,9997.2,10041.3,317.379,4338943850.325,71036111.34880373
Bitcoin,09/26/2019,9699.5,9699.5,8098.81,8098.81,313.9920000000001,4293958347.0000014,46999364.08867299
Bitcoin,09/29/2019,8183.48,8225.11,8064.38,8064.38,314.446,4301448334.7,38855906.30053607
Bitcoin,10/02/2019,8271.29,8366.5,8271.29,8350.13,286.572,3921358112.1,118778941.40912902
Bitcoin,10/06/2019,8176.35,8176.35,7890.23,7890.23,260.936,3571639780.8,205500148.96968707
Bitcoin,10/10/2019,8182.25,8573.06,8180.69,8561.52,273.22,3740880426.5,155038125.45582142
Bitcoin,10/14/2019,8277.85,8347.35,8277.85,8347.35,285.3738000000001,3908408221.3500013,97002895.97640781
Bitcoin,10/18/2019,8175.86,8175.86,7957.31,7957.31,295.8725,4053238742.4375,110674232.97875299
Bitcoin,10/22/2019,7949.8,8220.92,7949.8,8045.29,284.4525,3897824162.25,86570544.47058573
Bitcoin,10/26/2019,7468.53,9217.24,7433.92,9217.24,289.5738000000001,3968992614.2850013,83478400.2771182
Bitcoin,10/30/2019,9502.02,9502.02,9171.87,9171.87,274.533,3763909199.925,92683835.63260388
Bitcoin,11/02/2019,9151.82,9302.83,9151.82,9302.83,267.184,3664201453.6,73256737.91089578
Bitcoin,11/06/2019,9204.29,9378.95,9204.29,9340.05,268.353667700943,3681154854.371071,78982214.88677162
Bitcoin,11/10/2019,9221.07,9221.07,8795.9,9043.67,221.436,3038251389.3,215752219.9219919
Bitcoin,11/14/2019,8729.92,8806.75,8652.03,8652.03,172.1479,2362639549.8525,236006920.8178313
Bitcoin,11/18/2019,8480.44,8508.5,8202.83,8202.83,210.5559,2890521922.995,257637517.29041365
Bitcoin,11/22/2019,8138.83,8138.83,7293.01,7293.01,205.816,2826188131.0,176217465.4940408
Bitcoin,11/26/2019,7309.69,7309.69,6935.74,7157.68,199.4914,2740019366.285,106431481.13147792
Bitcoin,11/29/2019,7483.75,7720.87,7438.62,7720.87,208.9892,2871292169.34,118664232.7276146
Bitcoin,12/02/2019,7556.4,7556.4,7308.98,7308.98,214.545,2948379298.875,105545327.33818196
Bitcoin,12/06/2019,7286.08,7530.92,7209.97,7530.92,210.5137,2893626589.035,94312137.93638834
Bitcoin,12/10/2019,7493.55,7508.32,7233.95,7233.95,224.0451,3080429686.665,99166469.19882473
Bitcoin,12/14/2019,7197.43,7247.35,7081.74,7081.74,232.0423000000001,3191202338.1525016,151229886.42783546
Bitcoin,12/18/2019,7108.56,7274.77,6627.16,7274.77,232.898,3203686663.5,126038219.2115576
Bitcoin,12/22/2019,7152.56,7488.2,7141.55,7488.2,248.096,3413521852.0,134933345.06544757
Bitcoin,12/26/2019,7335.21,7335.21,7204.18,7208.49,253.8388999999999,3493324595.8274984,142426844.88892275
Bitcoin,12/30/2019,7247.62,7394.03,7240.43,7240.43,271.2882000000001,3734336330.6400013,401755946.5274641
Bitcoin,01/02/2020,7195.15,7195.15,6963.85,6963.85,259.2356,3568728002.06,339951744.7443284
Bitcoin,01/06/2020,7300.35,7734.68,7300.35,7734.68,232.5329422304941,3203612158.433073,161971565.54864252
Bitcoin,01/10/2020,8147.42,8180.51,7832.8,8180.51,228.6354,3150704413.815,105832532.60469383
Bitcoin,01/14/2020,8012.09,8801.87,8012.09,8801.87,218.0233,3005342178.85,92459195.63435939
Bitcoin,01/18/2020,8820.85,8906.9,8720.92,8906.9,226.2697,3119897131.48,100844154.3350744
Bitcoin,01/22/2020,8690.38,8724.82,8631.25,8665.44,240.0193,3310466195.25,108043831.20772208
Bitcoin,01/26/2020,8415.96,8595.73,8348.67,8595.73,226.0119,3117998019.1275,135790231.88905972
Bitcoin,01/30/2020,8879.34,9509.81,8879.34,9509.81,225.3083,3109175682.095,83155505.15562138
Bitcoin,02/02/2020,9308.06,9363.22,9308.06,9338.42,216.9136,2994172300.44,74142168.01402433
Bitcoin,02/06/2020,9308.91,9744.64,9179.96,9744.64,222.4872,3072075446.7,88164946.84338237
Bitcoin,02/10/2020,9799.45,10148.38,9799.45,9890.12,227.2050999999999,3138151161.072499,80694160.19495533
Bitcoin,02/14/2020,10226.93,10328.9,10221.26,10320.16,222.9061,3079497925.3725,76979240.31280218
Bitcoin,02/18/2020,9894.14,10133.82,9723.61,10133.82,220.0922,3041547650.985,79154588.47482522
Bitcoin,02/22/2020,9618.41,9673.01,9608.17,9658.61,220.6493,3049996660.2725,66708973.92079521
Bitcoin,02/26/2020,9946.72,9946.72,8801.66,8801.66,219.0956,3029418429.03,65150873.75436823
Bitcoin,02/28/2020,8781.18,8781.18,8717.33,8717.33,222.0401587875259,3070809845.0275135,51632481.43908263
Bitcoin,03/02/2020,8552.99,8905.88,8552.99,8905.88,235.6774,3260249204.835,137045816.2260813
Bitcoin,03/06/2020,8756.72,9135.85,8756.72,9135.85,259.0086000000001,3584044452.9300013,165435433.7487849
Bitcoin,03/10/2020,8902.2,8902.2,7906.73,7906.73,232.9962,3224923703.82,199965387.6619376
Bitcoin,03/14/2020,7935.52,7935.52,5142.99,5214.19,235.9199,3266299219.505,128976204.99927545
Bitcoin,03/18/2020,5397.93,5397.93,5032.5,5376.28,242.4568,3357729670.42,121468767.5434641
Bitcoin,03/22/2020,6170.2,6195.6,5859.65,5859.65,234.6238,3250184845.45,88821471.77949807
Bitcoin,03/26/2020,6456.35,6765.56,6456.35,6765.56,240.2988,3329826479.07,71396084.8246788
Bitcoin,03/30/2020,6397.83,6403.14,5915.34,6403.14,244.0821,3383185375.785,80482172.09597999
Bitcoin,04/02/2020,6421.71,6807.9,6421.71,6807.9,244.1459,3384954726.9025,64143296.199941635
Bitcoin,04/06/2020,6732.85,7297.64,6732.85,7297.64,235.5529999999999,3266702003.4249988,74180476.06972592
Bitcoin,04/10/2020,7196.78,7342.29,6864.69,6864.69,238.1319,3303312137.1225,61755698.92656742
Bitcoin,04/14/2020,6878.78,6913.16,6857.54,6860.18,238.7314,3312404143.285,58732103.48183354
Bitcoin,04/18/2020,6629.43,7242.51,6629.43,7242.51,237.378,3294575196.45,57584610.05522578
Bitcoin,04/22/2020,7127.51,7127.51,6842.04,7110.0,236.1711557723409,3278687399.961783,44991044.50687964
Bitcoin,04/26/2020,7382.79,7683.87,7382.79,7683.87,253.8991,3525782547.105,137186494.71170896
Bitcoin,04/29/2020,7774.28,8744.43,7758.23,8744.43,253.5991,3522504178.955,85884430.30666418
Bitcoin,05/02/2020,8610.64,8966.31,8610.64,8966.31,257.7075,3580465593.9375,58106060.44444854
Bitcoin,05/06/2020,8888.67,9144.69,8884.41,9144.69,269.9614999999999,3751796695.2874985,93658288.66772273
Bitcoin,05/10/2020,9959.17,9959.17,8752.62,8752.62,280.6241999999999,3901083285.0899987,128754965.89965025
Bitcoin,05/14/2020,8604.75,9796.49,8604.75,9796.49,273.0192999999999,3796353842.947499,119553919.98697218
Bitcoin,05/18/2020,9309.3,9708.44,9309.3,9708.44,274.8255,3822334889.7375,98543018.35211967
Bitcoin,05/22/2020,9760.2,9760.2,9059.96,9131.77,272.3412999999999,3788784931.469999,74704492.0402275
Bitcoin,05/26/2020,9170.36,9170.36,8731.85,8839.13,275.5846387340832,3834877371.4562297,50059694.67622344
Bitcoin,05/30/2020,9174.12,9662.71,9174.12,9662.71,274.578,3821054905.8,45050575.22814669
Bitcoin,06/02/2020,9466.96,10167.93,9466.96,9515.24,289.2957000000001,4027806171.9600015,111062141.12648012
Bitcoin,06/06/2020,9645.23,9776.2,9636.97,9662.86,290.3057,4043022165.1175,129285347.54407713
Bitcoin,06/10/2020,9738.6,9874.9,9738.6,9874.9,295.961,4122115211.9,73794326.12201199
Bitcoin,06/14/2020,9326.0,9469.53,9326.0,9345.96,293.9203,4095470764.185,65277495.588918425
Bitcoin,06/18/2020,9431.72,9524.93,9399.77,9399.77,288.0364999999999,4014523120.5749984,67739327.34903467
Bitcoin,06/22/2020,9312.78,9678.68,9298.36,9678.68,281.4887,3924198780.6125,63244191.82668233
Bitcoin,06/26/2020,9624.68,9624.68,9166.49,9166.49,285.2645,3977863688.6375,32203956.61897762
Bitcoin,06/29/2020,9013.91,9185.17,9013.91,9185.17,290.0955000000001,4046186762.5125012,60818266.22008967
Bitcoin,07/02/2020,9149.72,9230.67,9094.32,9094.32,284.3491,3967004055.1925,50540130.74794698
Bitcoin,07/06/2020,9071.39,9342.38,9071.39,9342.38,255.6062,3566978130.845,123648767.77025563
Bitcoin,07/10/2020,9253.63,9432.17,9235.72,9282.91,260.0037,3629235646.08,133194355.06279549
Bitcoin,07/14/2020,9234.31,9297.48,9234.31,9247.06,260.9075,3642718765.4375,59404464.50294682
Bitcoin,07/18/2020,9203.37,9203.37,9136.48,9168.4,259.4899,3623906198.45,54148215.13499707
Bitcoin,07/22/2020,9202.62,9514.3,9163.16,9514.3,267.7980999999999,3740905133.6624985,51503307.06679215
Bitcoin,07/26/2020,9589.82,9925.75,9535.94,9925.75,266.0272,3717118257.44,73040649.64393184
Bitcoin,07/30/2020,10962.26,11116.31,10904.92,11116.31,245.1679,3426730125.8925,153991184.32363835
Bitcoin,08/02/2020,11325.55,11812.09,11066.31,11066.31,246.2715,3443109527.925,175875957.5910767
Bitcoin,08/06/2020,11230.91,11768.13,11181.92,11768.13,247.5595,3462026772.6875,148675593.25572366
Bitcoin,08/10/2020,11571.49,11862.94,11571.49,11862.94,247.1476,3457360133.78,90325941.05609
Bitcoin,08/14/2020,11398.67,11817.16,11398.67,11777.39,252.0497,3526137495.545,82125758.55914597
Bitcoin,08/18/2020,11864.91,12272.47,11864.91,11949.61,241.9136999999999,3384336375.9449987,84472855.7931449
Bitcoin,08/22/2020,11733.28,11861.84,11515.12,11676.39,246.5418,3449082800.73,96641741.12450412
Bitcoin,08/26/2020,11647.93,11758.83,11350.75,11465.0,243.2692000000001,3403299617.6200013,76545513.49477836
Bitcoin,08/30/2020,11300.4,11701.0,11300.4,11701.0,246.7755,3456621444.825,78230800.04911813
Bitcoin,09/02/2020,11672.32,11895.23,11418.25,11418.25,252.341,3535619144.775,95206093.35512507
Bitcoin,09/06/2020,10197.46,10484.47,10177.79,10260.02,253.6226999999999,3554522140.4999986,94243302.29425739
Bitcoin,09/10/2020,10359.45,10359.45,10125.01,10342.16,253.3213,3551247974.375,63959131.20365665
Bitcoin,09/14/2020,10378.22,10661.1,10328.87,10661.1,259.7117999999999,3641795729.9099984,82969308.75347461
Bitcoin,09/18/2020,10787.58,10952.25,10787.58,10927.15,255.4233,3582471422.0625,83832524.03554013
Bitcoin,09/22/2020,11084.0,11084.0,10439.52,10527.59,253.2085,3551882233.75,88508043.4273131
Bitcoin,09/26/2020,10223.78,10743.19,10223.78,10743.19,244.2709,3427768044.885,106548662.28337547
Bitcoin,09/29/2020,10765.3,10837.52,10672.03,10837.52,243.2006548544864,3413570471.5539427,93749435.17178354
Bitcoin,10/02/2020,10770.88,10770.88,10572.67,10572.67,234.5253,3292518276.0975,110710603.09814687
Bitcoin,10/06/2020,10546.66,10784.95,10546.66,10605.96,236.4501,3319540687.6575,87634999.71721902
Bitcoin,10/10/2020,10668.01,11286.54,10668.01,11286.54,235.7386,3309551885.795,62271722.260468975
Bitcoin,10/14/2020,11377.81,11543.18,11377.81,11435.57,223.9464,3146530899.9,87796699.14598
Bitcoin,10/18/2020,11495.58,11495.9,11319.1,11495.9,217.9995,3063792222.9375,109539415.0915327
Bitcoin,10/22/2020,11752.15,12951.04,11752.15,12951.04,223.0161,3134965194.7125,71588917.36395298
Bitcoin,10/26/2020,12928.07,13106.05,12928.07,13060.79,227.9995,3205775569.775,88471192.53868681
Bitcoin,10/30/2020,13655.19,13655.19,13283.0,13537.17,222.4171382852381,3127985665.9882746,101386584.09915563
Bitcoin,11/02/2020,13778.64,13778.64,13558.36,13558.36,222.9536999999999,3136367731.6949987,70165374.02114585
Bitcoin,11/06/2020,13989.98,15553.33,13989.98,15548.31,222.6812,3133241391.63,58633108.40665714
Bitcoin,11/10/2020,14818.46,15496.32,14818.46,15278.71,224.3086,3157115506.425,63561423.223313816
Bitcoin,11/14/2020,15686.91,16326.81,15686.91,16095.56,234.6867000000001,3304071908.9550014,80763824.9531341
Bitcoin,11/18/2020,15984.67,17829.93,15984.67,17829.93,233.7807,3292205018.715,72515582.86551493
Bitcoin,11/22/2020,17819.76,18689.53,17819.76,18390.61,235.1735,3312571610.275,55130032.39951651
Bitcoin,11/26/2020,18360.69,19091.52,17138.03,17138.03,230.9863,3254290910.1525,73282646.18860614
Bitcoin,11/29/2020,17140.28,18169.95,17140.28,18169.95,225.9568,3184369639.96,58830426.88734985
Bitcoin,12/02/2020,19609.52,19609.52,18857.42,19208.4,218.5065,3080176877.25,96999963.63035093
Bitcoin,12/06/2020,19435.2,19435.2,18711.23,19325.55,228.5712,3222813920.04,95409417.4905671
Bitcoin,12/10/2020,19198.81,19198.81,18262.06,18262.06,225.6422999999999,3182408229.6824985,71643965.12343475
Bitcoin,12/14/2020,18058.03,19259.97,18058.03,19259.97,225.9978,3188139664.71,56781693.77813109
Bitcoin,12/18/2020,19432.36,23121.0,19432.36,23121.0,236.2208,3333116826.64,103785827.2593271
Bitcoin,12/22/2020,23864.0,23864.0,22841.0,23795.0,232.7402999999999,3284896594.1999984,74708330.707501
Bitcoin,12/26/2020,23308.0,26476.0,23308.0,26476.0,235.1563,3319854338.695,61431426.38713984
Bitcoin,12/30/2020,26423.0,28837.0,26423.0,28837.0,239.882,3387421698.4,86630763.25450982
Bitcoin,01/02/2021,29022.0,32164.0,29022.0,32164.0,238.9705999999999,3375292445.5799985,84138462.79309112
Bitcoin,01/06/2021,33008.0,36934.0,31516.0,36934.0,236.0015000000001,3334246892.1125016,71871894.07356025
Bitcoin,01/10/2021,39547.0,40816.0,38398.0,38398.0,229.8152,3246886599.4,70623213.73756033
Bitcoin,01/14/2021,35670.0,39233.0,33938.0,39233.0,236.8450000000001,3346205371.2500014,74887945.15831198
Bitcoin,01/18/2021,36788.0,36788.0,35804.0,36595.0,243.657,3442447010.25,79882346.22687149
Bitcoin,01/22/2021,36105.0,36105.0,30914.0,32958.0,241.5321,3412425891.825,79529081.71071678
Bitcoin,01/26/2021,32068.0,32582.0,32068.0,32582.0,239.5548,3384490103.1,67810639.80677219
Bitcoin,01/30/2021,30446.0,34200.0,30446.0,34200.0,241.8506,3416925739.45,70787411.31238237
Bitcoin,02/02/2021,33065.0,35486.0,33065.0,35486.0,241.5189000000001,3412239398.9250016,60882937.62553394
Bitcoin,02/06/2021,37495.0,39279.0,36817.0,39279.0,235.4793,3326910420.225,50100818.287086904
Bitcoin,02/10/2021,38833.0,46570.0,38833.0,44849.0,236.704,3344213288.0,56975125.501362815
Bitcoin,02/14/2021,47816.0,48608.0,46941.0,48608.0,236.9908,3348265270.1,39256136.30427565
Bitcoin,02/18/2021,47898.0,52144.0,47898.0,51733.0,235.9781,3333957591.325,26856157.042346757
Bitcoin,02/22/2021,56039.0,57669.0,54411.0,54411.0,236.0847,3335463662.775,24401603.48024925
Bitcoin,02/26/2021,48692.0,49849.0,46551.0,46551.0,232.4757,3284474808.525,33772801.85844162
Bitcoin,02/27/2021,46654.0,49787.0,44970.0,48532.0,231.9446000000001,3276971294.9500012,31085021.505248632
Bitcoin,03/06/2021,50577.0,50577.0,48727.0,49019.0,234.048,3306688656.0,28778007.286285885
Bitcoin,03/10/2021,51313.0,56020.0,51313.0,56020.0,235.4204999999999,3326079679.1249986,27373179.763544746
Bitcoin,03/14/2021,57789.0,61315.0,57354.0,59429.0,240.9352,3419033119.26,54518478.95936304
Bitcoin,03/18/2021,55805.0,59015.0,55805.0,57922.0,239.0329940983288,3392690898.43522,47757592.65993454
Bitcoin,03/22/2021,58243.0,58376.0,54370.0,54370.0,241.2417000000001,3424926508.0275016,29761665.976133663
Bitcoin,03/26/2021,54585.0,55033.0,51417.0,55033.0,237.441,3371792792.55,30834563.231427405
Bitcoin,03/30/2021,55832.0,58669.0,55728.0,58669.0,237.4971,3373426620.6825,30268982.762250736
Bitcoin,04/02/2021,58817.0,59060.0,58801.0,59060.0,237.2305,3370470121.0375,30728765.83133291
Bitcoin,04/06/2021,57060.0,58707.0,57060.0,58062.0,237.4891000000001,3374927913.9625015,26801090.327187903
Bitcoin,04/10/2021,56134.0,59979.0,56134.0,59979.0,237.0714,3369940317.075,31108417.12996518
Bitcoin,04/14/2021,59988.0,63577.0,59911.0,62807.0,233.4572,3319341161.04,31403744.863089006
Bitcoin,04/18/2021,63180.0,63180.0,56289.0,56289.0,229.6785,3266430207.375,23353985.64778831
Bitcoin,04/22/2021,55721.0,56295.0,51966.0,51966.0,223.3178,3176729202.67,43602264.82379089
Bitcoin,04/26/2021,51191.0,53979.0,48981.0,53979.0,225.7387,3212024675.365,32062237.057725612
Bitcoin,04/29/2021,54992.0,54992.0,53597.0,53597.0,225.4831,3208477948.985,30472196.11636243
Bitcoin,05/02/2021,57829.0,57829.0,56601.0,56601.0,224.1748,3189861690.38,29003069.45899297
Bitcoin,05/06/2021,57200.0,57432.0,53464.0,56508.0,224.7413,3197922617.155,32252691.587104306
Bitcoin,05/10/2021,57362.0,58772.0,55902.0,55902.0,225.2889,3205714609.215,18238445.735281847
Bitcoin,05/14/2021,56929.0,56929.0,49913.0,49913.0,223.6157,3181906060.795,24133822.467004918
Bitcoin,05/18/2021,46781.0,46781.0,43091.0,43091.0,228.7013000000001,3254270843.1550016,40449914.18863471
Bitcoin,05/22/2021,37287.0,40438.0,37287.0,37520.0,229.5263999999999,3266011479.8399987,36746856.38036806
Bitcoin,05/26/2021,34978.0,39407.0,34978.0,39407.0,229.0022,3258552454.57,29194036.771787077
Bitcoin,05/30/2021,38643.0,38643.0,34775.0,35715.0,229.9343000000001,3271815631.7050014,28833233.41266869
Bitcoin,06/02/2021,37341.0,37686.0,36680.0,37686.0,230.5181,3280122726.235,29722314.849446375
Bitcoin,06/06/2021,39151.0,39151.0,35547.0,35834.0,232.6301,3310175113.435,29012321.272587787
Bitcoin,06/10/2021,33451.0,37554.0,33451.0,36903.0,233.6681,3324945178.735,35303170.71466479
Bitcoin,06/14/2021,37289.0,40625.0,35666.0,40625.0,237.2013,3375220318.155,46839294.423419096
Bitcoin,06/18/2021,40378.0,40378.0,35881.0,35881.0,250.4743,3564086480.705,96364192.87222852
Bitcoin,06/22/2021,35582.0,35787.0,31712.0,32508.0,247.6944000000001,3524530310.6400013,100630046.35212404
Bitcoin,06/26/2021,33703.0,34675.0,31943.0,32024.0,248.5519999999999,3536733401.1999984,67360540.67947954
Bitcoin,06/29/2021,34607.0,35969.0,34557.0,35969.0,242.9967,3457685093.145,60767655.66479779
Bitcoin,07/02/2021,35171.0,35171.0,33678.0,33951.0,245.4754,3492955382.99,55692672.674818866
Bitcoin,07/06/2021,34730.0,35394.0,33928.0,34150.0,243.9959,3488836375.125,26531885.052744597
Bitcoin,07/10/2021,33932.0,33971.0,32934.0,33705.0,247.2790000000001,3536683169.6000013,41166801.74969953
Bitcoin,07/14/2021,34300.0,34300.0,32676.0,32879.0,243.8486,3488498071.6,37387508.430996
Bitcoin,07/18/2021,31726.0,31919.0,31400.0,31919.0,240.5377000000001,3442040366.0175014,39616260.29622073
Bitcoin,07/22/2021,30928.0,32409.0,29972.0,32409.0,242.4769,3470729479.685,34244051.08008979
Bitcoin,07/26/2021,33456.0,37282.0,33456.0,37282.0,242.4819,3471728541.2025,34005665.062683985
Bitcoin,07/30/2021,39077.0,41936.0,39077.0,41936.0,250.621,3589074420.225,49080095.21505225
Bitcoin,08/02/2021,41754.0,41754.0,39279.0,39279.0,248.3451,3557369715.93,40522516.655076645
Bitcoin,08/06/2021,38368.0,42802.0,38368.0,42802.0,256.3038739667178,3672257830.226641,73197757.00524
Bitcoin,08/10/2021,44648.0,46311.0,43753.0,45640.0,262.4063254601778,3760650012.699992,99893250.06832577
Bitcoin,08/14/2021,45652.0,47717.0,44495.0,47089.0,257.5058,3691294141.84,68104997.64448473
Bitcoin,08/18/2021,47025.0,47025.0,44534.0,45015.0,254.6537509187558,3651410104.6425366,52711167.626877494
Bitcoin,08/22/2021,46745.0,49251.0,46745.0,49251.0,255.161,3659678537.625,42339288.96608291
Bitcoin,08/26/2021,49519.0,49519.0,47229.0,47229.0,260.415,3736024266.375,42932957.07889688
Bitcoin,08/30/2021,49083.0,49083.0,47124.0,47124.0,271.0401208003443,3889432509.487961,96139966.48557808
Bitcoin,09/02/2021,47335.0,49339.0,47335.0,49339.0,268.595,3855533497.75,111884711.19735701
Bitcoin,09/06/2021,49935.0,52740.0,49935.0,52740.0,265.3844519614875,3810376692.0404396,64748934.30717278
Bitcoin,09/10/2021,46995.0,46995.0,44803.0,44803.0,269.6130164214266,3871966451.4313917,79366281.26047984
Bitcoin,09/14/2021,45196.0,47135.0,45140.0,47135.0,268.8928000000001,3862503903.2800016,75940632.19947487
Bitcoin,09/18/2021,48187.0,48267.0,47229.0,48267.0,285.0223,4095521056.4875,113799594.1409435
Bitcoin,09/22/2021,47371.0,47371.0,40387.0,43587.0,291.8907431569518,4195301867.783395,114394387.16569845
Bitcoin,09/26/2021,44981.0,44981.0,42752.0,43337.0,310.1915636277567,4459352692.658084,115546321.24017799
Bitcoin,09/29/2021,42247.0,42247.0,41010.0,41588.0,290.6655,4179711756.9,130058766.78659293
Bitcoin,10/02/2021,43859.0,48182.0,43859.0,47778.0,286.6653999999999,4122384618.0649986,74446013.37027897
Bitcoin,10/06/2021,48283.0,55415.0,48283.0,55415.0,283.9491880809251,4084701354.030234,52932167.70111447
Bitcoin,10/10/2021,53895.0,55125.0,53895.0,54712.0,276.6800999999999,3981564979.0499988,97423601.54430674
Bitcoin,10/14/2021,57573.0,57573.0,56335.0,57452.0,278.3728,4007009432.32,60573486.78209071
Bitcoin,10/18/2021,61809.0,62018.0,61166.0,62018.0,274.4838999999999,3951120257.4274983,52505422.1849008
Bitcoin,10/22/2021,64518.0,66238.0,61029.0,61029.0,272.806179588859,3926969933.4822383,26896009.893020075
Bitcoin,10/26/2021,61572.0,63228.0,60604.0,60604.0,277.2454,3993823954.025,40729476.381133035
Bitcoin,10/30/2021,58641.0,62283.0,58641.0,61837.0,274.9428876558478,3961652068.233111,43239135.22644978
Bitcoin,11/02/2021,61472.0,63247.0,61122.0,63247.0,276.1756000000001,3980470592.0700016,43240737.35047461
Bitcoin,11/06/2021,63131.0,63131.0,61247.0,61661.0,275.6135,3973299338.7,34164576.518917255
Bitcoin,11/10/2021,63153.0,67617.0,63153.0,65061.0,288.4447167883336,4158911304.5409093,79396118.75259325
Bitcoin,11/14/2021,65006.0,65649.0,64432.0,65649.0,288.3881586253327,4158095826.323497,54859994.563074075
Bitcoin,11/18/2021,63934.0,63934.0,56987.0,56987.0,291.7037645294952,4205901558.4920735,40248392.33013304
Bitcoin,11/22/2021,58459.0,60083.0,56387.0,56387.0,292.6148,4219037232.32,63540197.33148093
Bitcoin,11/26/2021,57749.0,58898.0,53828.0,53828.0,293.9933,4238912996.72,63623601.6003042
Bitcoin,11/29/2021,54533.0,57849.0,54533.0,57849.0,288.7194990885924,4162873225.658961,52624701.467293404
Bitcoin,12/02/2021,57011.0,57169.0,56508.0,56508.0,286.8366,4135724833.44,43880110.290356554
Bitcoin,12/06/2021,53786.0,53786.0,49162.0,50462.0,283.6760591480217,4090154891.219836,63971590.58757594
Bitcoin,12/10/2021,50648.0,50648.0,47304.0,47304.0,280.7014,4047265065.76,53533745.82603215
Bitcoin,12/14/2021,49242.0,50051.0,46696.0,48411.0,281.7267,4062048251.28,46165536.822869964
Bitcoin,12/18/2021,48937.0,48937.0,46329.0,46970.0,281.829870770124,4063535808.711956,41411646.7104373
Bitcoin,12/22/2021,46807.0,49145.0,46807.0,48756.0,284.2393,4098275923.12,48308760.90560098
Bitcoin,12/26/2021,50901.0,50901.0,50663.0,50853.0,281.4010623650275,4057353077.6039124,43424335.531163365
Bitcoin,12/30/2021,50774.0,50774.0,46507.0,47192.0,278.0134,4008508406.56,41914107.67785419
Bitcoin,01/02/2022,46320.0,47816.0,46320.0,47387.0,278.5088137572824,4015651480.2780004,47637462.16841643
Bitcoin,01/06/2022,46531.0,46531.0,43216.0,43216.0,259.8007283854695,3745910822.1530533,80056216.9967666
Bitcoin,01/10/2022,41527.0,41870.0,41527.0,41870.0,264.3384833893257,3811337988.900654,67863178.91055241
Bitcoin,01/14/2022,42777.0,43982.0,42608.0,43121.0,263.5782,3817350354.96,60783290.21756031
Bitcoin,01/18/2022,43227.0,43227.0,42298.0,42395.0,269.8668,3909600811.62,64124892.99653497
Bitcoin,01/22/2022,41750.0,41750.0,35180.0,35180.0,267.7126,3879202423.705,73043602.38810194
Bitcoin,01/26/2022,36306.0,36989.0,36306.0,36870.0,263.6558186169038,3821420843.637938,57163446.795025095
Bitcoin,01/30/2022,37277.0,38232.0,37277.0,37983.0,265.1281000000001,3843674745.1425014,61280618.55732058
Bitcoin,02/02/2022,38556.0,38836.0,37001.0,37001.0,260.4762322897643,3777139796.810643,38131976.86865548
Bitcoin,02/06/2022,37101.0,42476.0,37101.0,42476.0,257.8158000000001,3739450598.7300014,55868003.65302729
Bitcoin,02/10/2022,43911.0,44384.0,43628.0,43628.0,257.0634000000001,3729475807.2000012,51730292.4009465
Bitcoin,02/14/2022,42445.0,42635.0,42248.0,42635.0,253.0766,3672268004.3,49833133.79994442
Bitcoin,02/18/2022,44574.0,44574.0,40073.0,40073.0,225.9602,3279919634.095,143390129.28370252
Bitcoin,02/22/2022,40193.0,40193.0,37060.0,38337.0,234.6379,3406736999.8375,99655604.53121857
Bitcoin,02/26/2022,37372.0,39316.0,37372.0,39090.0,232.3324000000001,3374233144.9200015,62180213.61240129
Bitcoin,02/27/2022,37804.0,44460.0,37804.0,43981.0,229.1488,3328896176.08,102329840.28166316
Bitcoin,03/06/2022,42492.0,42492.0,38443.0,38443.0,227.2453999999999,3302029052.6449986,72465770.66977338
Bitcoin,03/10/2022,38076.0,41986.0,38076.0,39468.0,210.0943850637937,3053595830.271203,139379271.33868462
Bitcoin,03/14/2022,38775.0,39669.0,37853.0,39669.0,221.3282999999999,3217665292.1924987,183422133.02821282
Bitcoin,03/18/2022,39332.0,41837.0,39332.0,41837.0,225.2666000000001,3275815633.8700013,144278489.53657845
Bitcoin,03/22/2022,42202.0,42402.0,41062.0,42402.0,222.9704,3243160210.6,69900344.06948392
Bitcoin,03/26/2022,42802.0,44511.0,42802.0,44511.0,231.6583,3370431355.445,95134718.75546841
Bitcoin,03/30/2022,46715.0,47459.0,46715.0,47063.0,228.4683,3324950575.2675,56654306.07150725
Bitcoin,04/02/2022,45528.0,46270.0,45528.0,45842.0,228.0672,3319968528.72,54615311.643692665
Bitcoin,04/06/2022,46435.0,46623.0,43199.0,43199.0,230.0781,3350144206.29,58032869.77182835
Bitcoin,04/10/2022,43515.0,43515.0,42275.0,42275.0,227.1631,3308579439.8025,61479340.23891231
Bitcoin,04/14/2022,39604.0,41205.0,39604.0,39959.0,228.6427999999999,3331062656.779999,47781609.22090014
Bitcoin,04/18/2022,40587.0,40834.0,39739.0,40834.0,226.5658,3301579143.195,43765322.15025832
Bitcoin,04/22/2022,41498.0,41498.0,39757.0,39757.0,230.0509,3353296684.9425,55274502.37627574
Bitcoin,04/26/2022,39562.0,40489.0,38134.0,38134.0,234.7495,3422635972.525,58712579.1018823
Bitcoin,04/29/2022,39238.0,39742.0,38651.0,38651.0,239.1288999999999,3487336313.1499987,70113446.29750317
Bitcoin,05/02/2022,37821.0,38562.0,37821.0,38562.0,240.503,3508277386.75,50336412.979991846
Bitcoin,05/06/2022,37758.0,39699.0,36116.0,36116.0,243.5587,3553698013.0575,67754768.56019479
Bitcoin,05/10/2022,35573.0,35573.0,30270.0,31027.0,237.9452,3472697170.03,55993048.11643384
Bitcoin,05/14/2022,28913.0,30189.0,28913.0,30189.0,238.7763,3485799693.18,48531118.883055605
Bitcoin,05/18/2022,31319.0,31319.0,28772.0,28772.0,240.0007956438866,3504653618.529092,44294574.3495357
Bitcoin,05/22/2022,30382.0,30382.0,29257.0,30351.0,234.9098,3431133648.015,40541222.49556373
Bitcoin,05/26/2022,29163.0,29655.0,29163.0,29347.0,230.5048000000001,3367623264.4200015,46253457.40687432
Bitcoin,05/30/2022,28647.0,31741.0,28647.0,31741.0,230.21,3364179590.25,52117340.606796384
Bitcoin,06/02/2022,31866.0,31866.0,29833.0,30481.0,229.9118,3360764475.475,58562863.20358095
Bitcoin,06/06/2022,29714.0,31373.0,29714.0,31373.0,228.4640000000001,3340446394.8000016,51089489.85407352
Bitcoin,06/10/2022,31265.0,31265.0,29101.0,29101.0,232.746,3403177100.1,54594105.82680428
Bitcoin,06/14/2022,28374.0,28374.0,22245.0,22245.0,232.354,3399002106.7,79606359.72514415
Bitcoin,06/18/2022,22529.0,22529.0,19047.42,19047.42,231.2732999999999,3383904198.1124988,39022087.91012471
Bitcoin,06/22/2022,20516.0,20701.0,19983.57,19983.57,230.6597,3375670110.545,36477159.2595533
Bitcoin,06/26/2022,21100.0,21526.0,21053.0,21053.0,226.4528,3314850054.32,36795275.81748264
Bitcoin,06/29/2022,20751.0,20751.0,20109.0,20109.0,229.8831,3365879385.27,71785978.8373853
Bitcoin,07/02/2022,19608.4,19608.4,19268.23,19268.23,229.8658,3366614506.8,53526673.23620633
Bitcoin,07/06/2022,19310.23,20567.0,19310.23,20567.0,233.9255,3426856523.425,124125639.29530513
Bitcoin,07/10/2022,21661.0,21859.0,20860.0,20860.0,234.9767,3443254571.12,115435785.46487305
Bitcoin,07/14/2022,19998.47,20575.0,19350.74,20575.0,234.5278999999999,3437534062.2749987,93607431.45305927
Bitcoin,07/18/2022,20795.0,22395.0,20795.0,22395.0,232.8346999999999,3413577894.9649987,75776526.63573742
Bitcoin,07/22/2022,23367.0,23367.0,22697.0,22697.0,239.2765,3508852288.5125,245683532.12691057
Bitcoin,07/26/2022,22506.0,22614.0,21236.0,21236.0,237.2262,3479847405.18,115160470.82095526
Bitcoin,07/30/2022,22909.0,23848.0,22909.0,23653.0,236.0463,3463401139.065,76056339.96172076
Bitcoin,08/02/2022,23380.0,23380.0,23054.0,23054.0,237.7358,3489093808.33,72356986.64595664
Bitcoin,08/06/2022,22860.0,23225.0,22678.0,22985.0,237.2592999999999,3482919072.1399984,84448749.0956819
Bitcoin,08/10/2022,23198.0,23949.0,23198.0,23949.0,238.9718,3508906579.53,73353042.37453015
Bitcoin,08/14/2022,23949.0,24434.0,23949.0,24313.0,238.6566,3505203181.935,78899567.08428396
Bitcoin,08/18/2022,24179.0,24179.0,23248.0,23248.0,240.3238,3530596945.8,107434379.86060317
Bitcoin,08/22/2022,20946.0,21616.0,20946.0,21388.0,246.444,3621402163.5,135776679.78278795
Bitcoin,08/26/2022,21562.0,21618.0,20271.0,20271.0,243.2229000000001,3574397657.8275013,121587412.75625242
Bitcoin,08/30/2022,20070.0,20309.0,19659.25,19805.35,242.9008,3569664084.28,97564224.99277282
Bitcoin,09/02/2022,20024.0,20154.0,19941.45,19941.45,244.2051,3588832044.4725,109153976.98039407
Bitcoin,09/06/2022,19814.56,19980.01,18859.5,18859.5,245.3209,3607756618.6475,89165069.70010512
Bitcoin,09/10/2022,19280.63,21707.0,19280.63,21707.0,247.5392,3640379548.48,79268221.71546365
Bitcoin,09/14/2022,21740.0,22340.0,20185.0,20256.0,245.5661,3611362597.2775,108125413.61682853
Bitcoin,09/18/2022,19702.17,20132.0,19437.16,19437.16,249.4051,3667819987.0025,164455688.10166356
Bitcoin,09/22/2022,19570.39,19570.39,18539.64,19464.32,252.6956,3720285701.44,321865165.91051394
Bitcoin,09/26/2022,19291.9,19291.9,18809.41,19219.73,254.6295530746221,3749948525.3464403,207297257.62019613
Bitcoin,09/29/2022,19116.33,19563.77,19116.33,19563.77,262.3735,3864938757.1125,332398256.1656234
Bitcoin,10/02/2022,19476.93,19476.93,19065.15,19065.15,270.3646,3983558775.515,271593080.8014066
Bitcoin,10/06/2022,19620.57,20345.0,19620.57,19949.05,262.2345,3864772725.825,116712427.05704656
Bitcoin,10/10/2022,19457.31,19457.31,19142.69,19142.69,264.2094,3894955159.095,224715633.9081733
Bitcoin,10/14/2022,19058.63,19383.94,19058.63,19198.11,270.2663999999999,3985078067.9999986,319017395.23033226
Bitcoin,10/18/2022,19072.78,19557.9,19072.78,19348.03,267.0187,3938178700.69,201630914.85690627
Bitcoin,10/22/2022,19134.24,19203.87,19031.16,19203.87,273.5729999999999,4035872003.8499985,229034925.6796039
Bitcoin,10/26/2022,19574.82,20774.0,19316.94,20774.0,277.3883999999999,4093191773.3699985,130573069.75416414
Bitcoin,10/30/2022,20278.0,20801.0,20278.0,20624.0,282.9566,4176382824.68,168029249.3828648
Bitcoin,11/02/2022,20495.0,20495.0,20163.0,20163.0,284.749,4203955930.025,336860319.5875912
Bitcoin,11/06/2022,20211.0,21283.0,20211.0,20907.0,285.5159,4215884952.015,221583939.26366535
Bitcoin,11/10/2022,20598.0,20598.0,15742.44,17594.92,294.8093999999999,4354732830.689999,329397533.93903714
Bitcoin,11/14/2022,17080.22,17080.22,16344.34,16645.83,303.6366,4486177628.595,387209571.0614479
Bitcoin,11/18/2022,16890.53,16890.53,16689.4,16707.02,313.9073,4639133966.8275,543163761.4698877
Bitcoin,11/22/2022,16712.73,16712.73,15814.34,16171.63,325.8005999999999,4816269544.724998,843340993.2179483
Bitcoin,11/26/2022,16608.01,16608.01,16456.16,16456.16,312.2783,4617510889.9075,321997491.79856926
Bitcoin,11/29/2022,16459.15,16459.15,16222.21,16441.98,324.9970999999999,4806796483.202498,582434357.3722049
Bitcoin,12/02/2022,17186.5,17186.5,16972.73,17084.87,350.7678,5189223756.42,636690229.0056115
Bitcoin,12/06/2022,16923.38,17149.93,16923.38,17085.64,398.2369,5893149469.89,987283928.3196412
Bitcoin,12/10/2022,16851.3,17235.01,16851.3,17125.36,404.3588,5985308848.63,984425381.794543
Bitcoin,12/14/2022,17101.04,17808.72,17101.04,17808.72,387.473,5736789622.45,913505444.7997164
Bitcoin,12/18/2022,17338.36,17338.36,16623.76,16742.82,372.8260000000001,5521254799.200002,770242854.4761926
Bitcoin,12/22/2022,16422.56,16899.33,16422.56,16824.79,387.0599999999999,5733490750.499998,462741972.46864593
Bitcoin,12/26/2022,16791.46,16900.08,16791.46,16900.08,371.5020000000001,5504396533.200002,264157489.62253815
Bitcoin,12/30/2022,16701.84,16701.84,16538.91,16604.02,380.6439999999999,5641277305.399999,420137368.36575645
Bitcoin,01/02/2023,16540.69,16674.34,16540.69,16674.34,336.8729999999999,4993780086.524999,620473336.3692106
Bitcoin,01/06/2023,16677.65,16960.23,16677.65,16960.23,305.9829999999999,4537161821.449999,572707252.5268553
Bitcoin,01/10/2023,16950.86,17436.9,16950.86,17436.9,337.955,5012582355.5,546923067.4696827
Bitcoin,01/14/2023,17996.83,21019.0,17996.83,21019.0,337.372,5005284729.2,414918018.06742084
Bitcoin,01/18/2023,20853.0,21175.0,20727.0,20727.0,331.501,4919391964.75,131135195.6401858
Bitcoin,01/22/2023,21082.0,22771.0,21082.0,22737.0,320.484,4757160338.7,237800138.65869674
Bitcoin,01/26/2023,22985.0,23180.0,22610.0,23025.0,331.353,4919473733.625,239442892.6065092
Bitcoin,01/30/2023,23083.0,23797.0,22840.0,22840.0,335.111,4976968038.7,236625919.2712964
Bitcoin,02/02/2023,23137.0,23725.0,23137.0,23540.0,335.447,4983266453.2,185981663.2942105
Bitcoin,02/06/2023,23452.0,23452.0,22786.0,22786.0,325.5680000000001,4837533520.000002,206391901.26959464
Bitcoin,02/10/2023,23295.0,23295.0,21630.0,21630.0,321.417,4777269083.55,123560944.18387257
Bitcoin,02/14/2023,21889.0,22220.0,21780.0,22220.0,325.159,4834317690.45,199949522.188539
Bitcoin,02/18/2023,24308.0,24643.0,23757.0,24643.0,323.395,4809449591.25,167053005.3954258
Bitcoin,02/22/2023,24284.0,24787.0,24146.0,24146.0,322.8290000000001,4802404204.000002,188739479.4368917
Bitcoin,02/26/2023,23951.0,23951.0,23157.0,23541.0,319.9789999999999,4761183526.824999,103800161.90899219
Bitcoin,02/27/2023,23518.0,23634.0,23156.0,23464.0,328.1689999999999,4884311515.724998,714595229.5358595
Bitcoin,03/06/2023,22367.0,22422.0,22348.0,22415.0,356.245,5303722123.25,1237550807.6515267
Bitcoin,03/10/2023,22217.0,22217.0,20195.0,20195.0,359.011,5346023825.725,895711315.7104639
Bitcoin,03/14/2023,20522.0,24759.0,20522.0,24759.0,356.212,5305804455.9,667783121.7836893
Bitcoin,03/18/2023,24471.0,27467.0,24471.0,27108.0,371.4880000000001,5534688265.600001,921927632.1582325
Bitcoin,03/22/2023,28187.0,28264.0,27449.0,27449.0,378.265,5637217098.625,1299027009.4916246
Bitcoin,03/26/2023,28460.0,28460.0,27595.0,28048.0,363.4499999999999,5417967322.499998,523072117.50624603
Bitcoin,03/30/2023,27182.0,28395.0,27182.0,28041.0,358.8199999999999,5350373990.499998,1153668371.9578505
Bitcoin,04/02/2023,28517.0,28517.0,28237.0,28237.0,360.954,5383466480.7,1149814390.1438584
Bitcoin,04/06/2023,27815.0,28197.0,27815.0,28043.0,362.7669999999999,5411894143.624998,1039912869.9731772
Bitcoin,04/10/2023,27934.0,29658.0,27934.0,29658.0,390.645,5829507439.875,1426331736.1368082
Bitcoin,04/14/2023,30261.0,30468.0,29904.0,30468.0,394.0109999999999,5881283993.699999,1512626609.7304864
Bitcoin,04/18/2023,30312.0,30366.0,29467.0,30366.0,394.355,5887868033.125,1282263557.3988562
Bitcoin,04/22/2023,28833.0,28833.0,27300.0,27862.0,412.9300000000001,6167016640.750002,954462002.2518704
Bitcoin,04/26/2023,27607.0,28352.0,27512.0,28352.0,417.3679999999999,6235070986.199999,1528970867.732093
Bitcoin,04/29/2023,29484.0,29484.0,29218.0,29218.0,416.91,6230407267.5,1275837073.4425912
Bitcoin,05/02/2023,29362.0,29362.0,28126.0,28654.0,452.4149999999999,6762812523.749998,1623480958.4502342
Bitcoin,05/06/2023,28988.0,29520.0,28846.0,28888.0,434.903,6502593547.975,1745413356.7816703
Bitcoin,05/10/2023,28611.0,28611.0,27607.0,27640.0,435.8150000000001,6517994663.125002,1484344615.6204193
Bitcoin,05/14/2023,27025.0,27025.0,26788.0,26912.0,443.277,6631778541.6,1497157323.9409719
Bitcoin,05/18/2023,27228.0,27390.0,26843.0,26843.0,464.9989999999999,6958907659.574999,1555251795.3592968
Bitcoin,05/22/2023,26884.0,27094.0,26774.0,26870.0,453.9139999999999,6794808883.749998,896686369.8324581
Bitcoin,05/26/2023,27223.0,27223.0,26339.0,26718.0,456.473,6834975641.85,1302614351.2750235
Bitcoin,05/30/2023,26848.0,28110.0,26848.0,27714.0,463.816,6946908498.6,1135226734.002981
Bitcoin,06/02/2023,27245.0,27248.0,26824.0,27248.0,462.0529999999999,6922223916.849998,556941126.9945824
Bitcoin,06/06/2023,27066.0,27315.0,25793.0,27217.0,441.1289999999999,6610549657.724998,1175787490.6247997
Bitcoin,06/10/2023,26346.0,26508.0,25858.0,25858.0,437.8090000000001,6562505169.825002,1416880180.0048287
Bitcoin,06/14/2023,25917.0,25917.0,25108.0,25108.0,436.2370000000001,6540512246.925001,1296402582.2604847
Bitcoin,06/18/2023,25565.0,26501.0,25565.0,26333.0,442.821,6640942254.9,955949147.6136756
Bitcoin,06/22/2023,26779.0,30102.0,26779.0,29936.0,454.907,6823821080.825,1418671442.057204
Bitcoin,06/26/2023,30629.0,30629.0,30286.0,30286.0,455.7419999999999,6838203626.099998,1058738142.1988857
Bitcoin,06/29/2023,30694.0,30694.0,30083.0,30467.0,417.092,6260008700.4,1725069505.9869354
Bitcoin,07/02/2023,30481.0,30584.0,30481.0,30572.0,423.925,6364767557.5,1378749291.4939413
Bitcoin,07/06/2023,31135.0,31135.0,29990.0,29990.0,420.708,6318056013.9,1310931884.6738522
Bitcoin,07/10/2023,30315.0,30394.0,30170.0,30394.0,432.1540000000001,6491698545.650002,1176234726.8014364
Bitcoin,07/14/2023,30621.0,31446.0,30312.0,30312.0,426.811,6413208734.625,1227648166.044458
Bitcoin,07/18/2023,30298.0,30298.0,29848.0,29848.0,431.139,6479728151.175,1310033274.6107447
Bitcoin,07/22/2023,29920.0,29920.0,29710.0,29710.0,434.4269999999999,6530621623.574999,1338781510.5888267
Bitcoin,07/26/2023,30058.0,30058.0,29185.0,29364.0,434.3260000000001,6530688608.250002,769869067.6019802
Bitcoin,07/30/2023,29200.0,29357.0,29200.0,29278.0,430.198,6470199429.9,984185979.6461835
Bitcoin,08/02/2023,29233.0,29537.0,29147.0,29147.0,433.5339999999999,6522334778.049998,1021957722.8426229
Bitcoin,08/06/2023,29176.0,29176.0,29044.0,29044.0,432.115,6502628563.125,758209345.881597
Bitcoin,08/10/2023,29178.0,29780.0,29178.0,29424.0,431.3430000000001,6492499350.975001,833341869.2838143
Bitcoin,08/14/2023,29397.0,29412.0,29285.0,29401.0,456.434,6870164692.05,1637948558.2555692
Bitcoin,08/18/2023,29170.0,29170.0,29170.0,29170.0,454.6963000000001,6847658073.555001,1501742593.9812622
